-- ============================================================
-- SEED DATA - El Fogon Pizzeria
-- Generado automaticamente desde planilla de costos
-- ============================================================

BEGIN;

-- Limpiar datos existentes
DELETE FROM precios_venta;
DELETE FROM receta_ingredientes;
DELETE FROM recetas;
DELETE FROM ingredientes;

-- ============================================================
-- INGREDIENTES
-- ============================================================
INSERT INTO ingredientes (id, nombre, precio_kg, unidad) VALUES
  ('d82020d6-4fb2-4041-9976-215dbedef0c2', 'Aceite', 1400, 'litro'),
  ('ab890810-8426-4bf4-a743-6abc72458869', 'Aceituna Negra', 0, 'kg'),
  ('02787474-c2f4-469d-b170-f282ebc24d76', 'Aceitunas', 3400, 'kg'),
  ('96912a9c-9d09-4d08-8ab5-a98bb1b32daf', 'Aceitunas Negras', 2500, 'kg'),
  ('54ff4de6-194f-4ec0-879e-48d7db268511', 'Agua', 0, 'litro'),
  ('70eee541-d7a2-4c38-bd31-d5158ef72202', 'Aji', 14000, 'kg'),
  ('fbe2e330-ee5d-4765-9891-30e38929c9b8', 'Aji Molido', 15000, 'kg'),
  ('a4638a82-c1d6-4e7e-83e6-1bbc38d26253', 'Ajo', 7000, 'kg'),
  ('bff68af2-68d0-43cc-b936-c6d3cd9cf642', 'Albahaca', 660, 'kg'),
  ('bfa7ffc6-3fbe-4c89-8cb3-8532c5f91d5f', 'Anana', 6000, 'kg'),
  ('7727a0d6-d9ec-4fa1-bc7a-ae20d59443fd', 'Anchoas', 253, 'unidad'),
  ('92059101-f443-43a5-8216-c02bf299f881', 'Atun', 80, 'kg'),
  ('2e0e32b1-10da-42a1-8ed8-afe4703aec4d', 'Azucar', 1000, 'kg'),
  ('cf89d67d-856c-432b-99a4-cf93d9b1cdff', 'Calabresa', 13340, 'kg'),
  ('84e0367a-d4cf-40a7-bb0c-02aa9d2004bb', 'Caldo', 17000, 'kg'),
  ('e0f37c9d-70c8-4bdd-b78a-6d3a2f4bcc22', 'Camaron', 14000, 'kg'),
  ('04664876-e812-433c-b46e-b8e96c97e179', 'Carne', 22000, 'kg'),
  ('29a4b67a-786e-48df-85aa-849168cea4be', 'Cebolla', 1500, 'kg'),
  ('bc5889a0-975a-4c60-9d04-a189a4aac6fb', 'Cebolla Morada', 3000, 'kg'),
  ('df2c7fa5-3f35-46b7-868b-6e0691ce08d9', 'Cebolla Roja', 3000, 'kg'),
  ('32d93493-84e8-4707-8d25-7042649d6250', 'Cheddar', 162, 'kg'),
  ('8550d147-a9b7-475b-b967-c52b26b1a7af', 'Cherry', 250, 'kg'),
  ('733895f1-ed81-4249-b3cd-dc7bcdd9fbec', 'Choclo', 6500, 'kg'),
  ('dd9c289f-bdb5-4f14-962d-b8666811c695', 'Comino', 15000, 'kg'),
  ('ce143367-750d-4cb1-89d3-92f73604e6e8', 'Dambo', 14100, 'kg'),
  ('3487d9eb-4eb2-4ffa-a413-a55c17d42e11', 'Espinaca', 5300, 'kg'),
  ('3891218c-445a-4a6c-932d-cc559c5a488f', 'Fecula Maiz', 2300, 'kg'),
  ('03a3cebc-12b6-43b0-a9f1-8e40c568bafd', 'Fecula Mandioca', 1500, 'kg'),
  ('ee23ec2d-8d43-4217-a9fb-a1a099714a57', 'Fritas', 2570, 'kg'),
  ('2dbf2dcd-e4d4-4d1c-8142-8dde0db56fad', 'Golf', 4500, 'kg'),
  ('4b7c5d66-2802-450c-8c66-75362ba49b09', 'Goma Xantica', 30000, 'kg'),
  ('f60d16d7-50ff-41a8-8779-6cc73c348324', 'Harina', 1600, 'kg'),
  ('48c85551-c20c-423b-b8a0-aae07af4ca03', 'Harina Arroz', 2562, 'kg'),
  ('548b1472-96e3-4c8d-8eb6-e0898fe4e7eb', 'Harina Garbanzos', 4715, 'kg'),
  ('92cf3916-4ea9-49f6-858b-585869767afe', 'Huevo', 160, 'unidad'),
  ('2f5bda1c-3d19-4188-9255-4e304e653af4', 'Huevo Duro', 160, 'unidad'),
  ('57e6e018-28a9-46fb-96c8-753fde6c3171', 'J Crudo', 17500, 'kg'),
  ('de75e06c-06cc-4772-9dff-245516b880b0', 'Jamon', 11400, 'kg'),
  ('07e3e02d-80f5-44d4-bed5-7f2bfef26725', 'Jamon Crudo', 17500, 'kg'),
  ('55bd0ab8-f61c-476e-9696-117809672fd9', 'Lechuga', 3500, 'kg'),
  ('d6d25c7d-0888-4e70-a497-40ed21880e3a', 'Levadura', 10000, 'kg'),
  ('05190a37-991e-4771-8595-ecc416992cab', 'Limon', 2300, 'kg'),
  ('ed3dc0cb-e12d-4b96-826d-9a035850aa2a', 'Lomo', 30000, 'kg'),
  ('8759053b-3d80-453f-8679-7c1cd9c1467b', 'Mayonesa', 0, 'litro'),
  ('b7dfd408-7310-44fe-bf35-f6a3e2c24dc6', 'Molida', 17000, 'kg'),
  ('a846d67b-2602-4b47-bb10-64f91d839b4d', 'Morron', 6500, 'kg'),
  ('04d7328d-1ea6-4911-a155-9dcc93803266', 'Muzzarela', 16000, 'kg'),
  ('e1c6e52b-e9af-4ad6-bf50-bfbe733e01d4', 'Oliva', 16000, 'litro'),
  ('f8ee2f41-204e-4734-8b4e-ddd211aa3fb9', 'Oregano', 20000, 'kg'),
  ('aeb63152-3661-42a9-ae84-28c65b342bcf', 'Paleta', 4500, 'kg'),
  ('87a8df5e-6157-4a26-982d-265ae0792474', 'Palmito', 13500, 'kg'),
  ('b4952d1f-c898-4ede-9a4f-9aa3a2cfbfa4', 'Pan', 0, 'unidad'),
  ('b21565e3-be50-4787-ba8c-74988d3d658e', 'Panceta', 14500, 'kg'),
  ('7ead0217-a4ea-48e3-9daf-6f9f87c000e1', 'Papas', 3000, 'kg'),
  ('5adb0a53-1435-4b36-a97f-81cabeb03993', 'Parmesano', 17000, 'kg'),
  ('48dcb979-bda2-4d29-8062-a9872b75c42d', 'Pasa Uva', 9000, 'kg'),
  ('0cd7d9de-c41e-4a88-9a26-d50291c77796', 'Pepinillo', 15500, 'kg'),
  ('d60436a6-6e0c-4ae1-b829-20dc1478f01b', 'Perejil', 600, 'kg'),
  ('c1f67eca-647c-44fe-b515-60bb09f993d9', 'Pesto', 16500, 'kg'),
  ('c6642b11-96ce-4d32-814f-79369fb487a1', 'Pimenton', 15000, 'kg'),
  ('da3a9767-260a-4f98-ae5d-47abf83b1659', 'Pimienta', 15180, 'kg'),
  ('66048b15-3bc2-4f7b-81f9-7547754998e8', 'Pimiento', 6500, 'kg'),
  ('c5183036-632d-41d6-827d-d07e2576fa92', 'Pollo', 4500, 'kg'),
  ('a5d92757-0257-4ba9-a47d-c3fe5a69c765', 'Provolone', 0, 'kg'),
  ('0568a143-aa87-4f3b-a635-3416a4348ddb', 'Puerro', 150, 'kg'),
  ('b9a2eda5-8dee-4943-8f90-22ec561a190d', 'Queso Fresco', 5000, 'kg'),
  ('b92f2857-691e-4391-89eb-3cb9519a2ac2', 'Roquefort', 14400, 'kg'),
  ('0e9bd3c7-838b-4b82-831e-0ad40c5b96be', 'Rucula', 900, 'kg'),
  ('0b982fad-a60e-4bf0-b935-e4bdad52c7c2', 'Sal', 1200, 'kg'),
  ('82c01887-1bc9-412b-99b6-f7cb17999f05', 'Salsa Barbacoa', 4500, 'kg'),
  ('78e0af67-2304-456f-bd67-b480b8511ea1', 'Salsa Bca', 996, 'kg'),
  ('9495e591-f432-4710-b7f8-6b68c00dc730', 'Salsa Golf', 4500, 'kg'),
  ('634a1155-2c5a-441d-b8ec-9b34040b3174', 'Sardo', 15000, 'kg'),
  ('a8c604fe-1970-4314-a7b3-6d00d8052581', 'Sesamo', 0, 'kg'),
  ('8ce9f368-9dbf-4eac-9238-1901d5d3c1de', 'Tomate', 2000, 'kg'),
  ('4f4af524-c985-4a0c-897f-ca178ba705c6', 'Tybo', 9300, 'kg'),
  ('1009c07e-d13b-4d5f-bc7d-307222ff5b4c', 'Verdeo', 600, 'kg');

-- ============================================================
-- RECETAS
-- ============================================================
INSERT INTO recetas (id, nombre, precio_prepizza, precio_salsa) VALUES
  ('4081a27c-89e9-4c46-9a9f-fcf05a6981e3', 'Pizza Muzzarela', 485.0, 235.79),
  ('167d039a-4698-403c-bbf0-7e3f5992ee5e', 'Pizza Primavera', 485.0, 235.79),
  ('c58b2c22-3779-4e63-82e4-b434116485fd', 'Pizza Muzzarela y Jamon', 485.0, 235.79),
  ('e8d09ce9-e885-4973-bfed-35cabfcacc66', 'Pizza Fugazzeta', 485.0, 235.79),
  ('c9b269f8-4d47-4252-a7ca-a541f18d42e0', 'Pizza Extra Muzza', 485.0, 235.79),
  ('e87f1686-0867-41ce-941d-cbba8f6f3c51', 'Pizza Calabresa', 485.0, 235.79),
  ('1bb81414-1018-4933-bff8-29f13fd0f5a4', 'Pizza 4 Quesos', 485.0, 235.79),
  ('d3a6cfd6-6652-4672-80bc-5be2892f48a2', 'Pizza Especial', 485.0, 235.79),
  ('ed95cd89-e36c-4659-89ea-9a8ffcafa38d', 'Pizza Napolitana', 485.0, 235.79),
  ('7505682e-0c9b-43d0-90ab-dac06fc8ef3c', 'Pizza 4 Fratelli', 485.0, 235.79),
  ('561a0172-fe64-4fec-9441-b72687b6eb63', 'Pizza Anchoas', 485.0, 235.79),
  ('3d18a188-dcf0-4938-b5a1-f275e07e903c', 'Pizza Palmito', 485.0, 235.79),
  ('4b0f4d60-f1d5-412a-85cc-65de3c24300c', 'Pizza Blue Bacon', 485.0, 235.79),
  ('f87d7be5-2380-4ec3-ac8e-1aa9a192c03f', 'Pizza Brasuka', 485.0, 235.79),
  ('80abe0ea-502c-472f-b9e2-ed1c492e1c94', 'Pizza Roquefort', 485.0, 235.79),
  ('510773d9-042d-4c3d-9e6f-c0c549b3513e', 'Pizza Rucula y Jamon Crudo', 485.0, 235.79),
  ('7149f223-52ae-4247-8832-2697bb4e2b7f', 'Pizza Rellena Provolone', 485.0, 235.79),
  ('827b5506-c457-4f23-9311-98fde860ca70', 'Pizza Tropical', 485.0, 0.0),
  ('4f14c90a-6359-48fa-8593-a1b87adc35f6', 'Pizza Fuganceta', 485.0, 0.0),
  ('27764d9a-00ef-4e1f-ae93-1633517fb20e', 'Pizza Palmito Especial', 485.0, 235.79),
  ('c8cd744c-ce1a-40f4-a63a-e08a53e8f80c', 'Pizza Carbonara', 485.0, 235.79),
  ('48e76b14-3b51-4dd7-a50b-6615e4ca336a', 'Pizza 5 Quesos', 485.0, 235.79),
  ('646808db-220c-420e-adf4-b92c68e6c6b0', 'Pizza Napo y Jamon', 485.0, 235.79),
  ('0af5c732-f7ce-456e-9a66-f1356c32fdcf', 'Pizza Di Mare', 485.0, 235.79),
  ('c88ceaa5-0b73-4cdc-adf7-fd9e088f5354', 'Pizza Aglio e Olio', 485.0, 0.0),
  ('931e496d-a71c-4ee8-b7cf-3820b5bac1a3', 'Pizza Margarita', 485.0, 235.79),
  ('47b1877b-495e-4bf0-9fdf-7536cd2003a5', 'Pizza Fugazzeta Rellena', 485.0, 0.0),
  ('ca15231b-e6bc-48d6-8a82-1ff1a2004a86', 'Calzone Napolitano', 485.0, 235.79),
  ('d645bb4a-ca5a-4732-8700-59ed30010d44', 'Calzone 4 Quesos', 485.0, 235.79),
  ('717aca6a-4155-4f9c-9051-60c3b7243ab7', 'Calzone Super', 485.0, 235.79),
  ('14519fa2-d64d-42f9-9737-f5d5ddfdd1f1', 'Pizzeta Provolone Rellena', 242.5, 235.79),
  ('cdec6958-4591-49ac-98c3-a089fe302d1e', 'Calzone Mini Promo', 242.5, 117.89),
  ('72b49c44-408e-4331-a54c-e403a1f6152e', 'Hamburguesa Simple', 0, 0),
  ('50668c96-345d-46cf-b0cd-79e0c857224d', 'Hamburguesa Completa', 0, 0),
  ('9c887921-83f4-4a87-8204-a56719e7850e', 'Hamburguesa Wow', 0, 0),
  ('5b1655ae-b0e1-4bcc-817b-a991f8969fa9', 'Hamburguesa Doble Queso', 0, 0),
  ('85f6a46f-fafe-4d6c-b4eb-254384d39774', 'Hamburguesa Chili', 0, 0),
  ('07618e4e-33a0-4774-a1ca-3943d2481db2', 'Hamburguesa BBQ', 0, 0),
  ('b59a2b24-4389-47fe-9a7f-b0d18cc12870', 'Hamburguesa Argenta', 0, 0),
  ('e77da177-e975-43bd-b342-29100e12cd9d', 'Hamburguesa Coleslaw', 0, 0),
  ('fd627577-51a8-4923-827d-70ee7f94fe2d', 'Esfiha de Carne', 242.5, 0.0),
  ('d9201db0-c55b-428a-90b1-3001a58d6610', 'Lomo Super', 0, 0),
  ('e88d775c-a0f2-4529-87ba-807393f3efb7', 'Lomo Completo', 0, 0),
  ('12b5b468-7f21-431f-bae2-b603083cff84', 'Lomo Doble', 0, 0),
  ('a483ceb8-3377-4298-be7c-baa7e841c845', 'Empanadas de Pollo', 0, 0),
  ('e29b3e7f-9a2e-4839-9685-30cf336cc227', 'Empanadas Carne Relleno', 0, 0),
  ('25b0b173-1724-48ee-ad42-ac83384ade44', 'Empanadas Arabe', 0, 0),
  ('9f68d5b8-56c4-4ebc-adc7-c06884348b15', 'Empanadas Espinaca y Muzza', 0, 0),
  ('2ea1d7cd-8b62-45fe-94fd-a1458a186bd0', 'Empanadas Caprese', 0, 0),
  ('39e221ab-3cb9-4449-aee6-f4ba301c70f9', 'Empanadas Jamon y Muzza', 0, 0),
  ('7fba3395-be86-4572-b95d-92b14c124cbd', 'Empanadas Carne Dulce', 0, 0),
  ('b2c5d7f7-c3ed-4bae-a276-79bc55ed09d1', 'Empanadas de Palmito', 0, 0),
  ('326be92c-9497-4c59-9f40-1db19a26eba0', 'Empanadas de Roquefort', 0, 0),
  ('b97ebbb4-bd0c-4bc7-82aa-7e9636e2caf9', 'Pizza Napoletana Margarita Clasica', 0, 235.79),
  ('700345d7-9e61-4dc1-942f-2560e408f19d', 'Pizza Napoletana Margarita Especial', 0, 235.79),
  ('60885b0e-e833-4fd3-8c2c-28b458915e22', 'Pizza Napoletana Marinara', 0, 235.79),
  ('2c33cf20-9cf1-431b-ae1b-7949f678d3c3', 'Pizza Napoletana Carbonara', 0, 235.79),
  ('29b4fe78-9877-411e-ab9c-5cac391006b6', 'Pizza Napoletana Aglio e Olio', 0, 0.0),
  ('47a64a74-2293-46c2-b33a-c70c50ca026c', 'Pizza Napoletana Azzurra', 0, 0.0),
  ('ef8a08db-dcc6-4508-8e6b-b01722dc6a86', 'Linea B Pizza Muzzarela', 485.0, 235.79),
  ('2befae87-0ad4-4a9e-966a-4fea4ccbec69', 'Linea B Pizza Doble Muzzarela', 485.0, 235.79),
  ('f4d061d6-db7a-42ae-bb24-9390146bc657', 'Linea B Pizza Muzzarela con Jamon', 485.0, 235.79),
  ('79dc075f-1a7d-474b-ad01-eabc609c184a', 'Linea B Pizza Napolitana', 485.0, 235.79),
  ('2d961cef-2a34-4aa0-aedc-fe8ed3e7595d', 'Linea B Pizza Muzzarela con Huevo', 485.0, 235.79),
  ('5eafc9c6-7e56-494f-9552-74997a274f50', 'Linea B Pizza Jamon y Morron', 485.0, 235.79),
  ('e31efbf2-9013-49ff-8d61-4adeacc14e21', 'Linea B Pizza Calabresa', 485.0, 235.79),
  ('1efcdac1-d5e6-42af-b459-a457e99018d5', 'Linea B Pizza Palmito', 485.0, 235.79),
  ('b6bda331-7c47-4d5a-b126-6cfb5b0a625b', 'Linea B Pizza Muzzarela con Choclo', 485.0, 235.79),
  ('0f7ca41f-512e-4989-b417-8840a5c603ae', 'Linea B Pizza Fugazzeta', 485.0, 0.0),
  ('2a280f8c-4bb9-4a00-97ec-bfdb0f8402f9', 'Linea B Pizza Tomate Jamon y Huevo', 485.0, 235.79),
  ('5ce71285-462c-4720-8310-8b2b2bd5d235', 'Linea B Pizza Tomate con Pesto', 485.0, 235.79),
  ('49e418ba-8944-4b19-9328-d6b4635717dd', 'Linea B Pizza Cebolla y Morrones', 485.0, 235.79),
  ('c20c3e99-a2f4-44e5-862a-2e372866b142', 'Linea B Pizza Roquefort', 485.0, 235.79),
  ('c9d08417-9018-4965-bd0a-ca7c82579e4e', 'Linea B Pizza Atun', 485.0, 235.79),
  ('dcb4dd3b-eb80-4456-a52c-18d53747246b', 'Linea B Pizza Muzzarela con Fritas', 485.0, 235.79),
  ('8ba78d4c-11f9-4380-b90e-20ccf530d5dc', 'Linea B Hamburguesa Simple', 0, 0),
  ('2751930a-2162-4dac-a8fc-008cf28010ee', 'Linea B Hamburguesa Completa', 0, 0),
  ('1ad2be46-17f7-467a-aa86-6148462ad5c6', 'Prepizza Economica', 0, 0),
  ('e64c2df1-af6a-4c14-b41a-94404d799bbd', 'Prepizza Sin TACC', 0, 0);

-- ============================================================
-- RECETA_INGREDIENTES
-- ============================================================
INSERT INTO receta_ingredientes (id, receta_id, ingrediente_id, cantidad_kg, merma_factor) VALUES
  ('8f9a509f-bce9-498e-8b2e-3757c8bad8ac', '4081a27c-89e9-4c46-9a9f-fcf05a6981e3', 'f8ee2f41-204e-4734-8b4e-ddd211aa3fb9', 0.005, 1.0),
  ('b7531d60-c18c-4912-9789-40027d2e6cd9', '4081a27c-89e9-4c46-9a9f-fcf05a6981e3', '04d7328d-1ea6-4911-a155-9dcc93803266', 0.2, 1.0),
  ('66bcf6fa-ca2b-496f-a49b-8c31fe8c4621', '4081a27c-89e9-4c46-9a9f-fcf05a6981e3', '02787474-c2f4-469d-b170-f282ebc24d76', 0.0, 1.0),
  ('d9622efb-336e-4d64-aecf-73e5c90e4ac9', '167d039a-4698-403c-bbf0-7e3f5992ee5e', '2f5bda1c-3d19-4188-9255-4e304e653af4', 0.002, 1.0),
  ('7fb4775a-e4ab-486d-8a61-bcc02541a2a9', '167d039a-4698-403c-bbf0-7e3f5992ee5e', 'de75e06c-06cc-4772-9dff-245516b880b0', 0.2, 1.0),
  ('b9dd51d0-d11f-4d28-b6c2-c96402ee4d8b', '167d039a-4698-403c-bbf0-7e3f5992ee5e', 'f8ee2f41-204e-4734-8b4e-ddd211aa3fb9', 0.005, 1.0),
  ('77b7b8c3-a149-4891-ae7f-36ea86c6c44e', '167d039a-4698-403c-bbf0-7e3f5992ee5e', '04d7328d-1ea6-4911-a155-9dcc93803266', 0.38, 1.0),
  ('533436a1-7685-4253-9bdf-3423703bef09', '167d039a-4698-403c-bbf0-7e3f5992ee5e', '02787474-c2f4-469d-b170-f282ebc24d76', 0.045, 1.0),
  ('870539fd-b661-4652-9f1a-c471c9c946a6', '167d039a-4698-403c-bbf0-7e3f5992ee5e', '8ce9f368-9dbf-4eac-9238-1901d5d3c1de', 0.2, 1.08),
  ('90264feb-c4ce-40ab-810d-11266f266b22', '167d039a-4698-403c-bbf0-7e3f5992ee5e', 'e1c6e52b-e9af-4ad6-bf50-bfbe733e01d4', 0.01, 1.0),
  ('53bd4d9f-0b12-4b81-8d3d-02835fe5f47c', 'c58b2c22-3779-4e63-82e4-b434116485fd', 'f8ee2f41-204e-4734-8b4e-ddd211aa3fb9', 0.005, 1.0),
  ('de456291-19d9-4543-83af-ad3f6ed8c269', 'c58b2c22-3779-4e63-82e4-b434116485fd', '04d7328d-1ea6-4911-a155-9dcc93803266', 0.38, 1.0),
  ('5547e4e0-41db-4bee-9081-1e76e5817e80', 'c58b2c22-3779-4e63-82e4-b434116485fd', '02787474-c2f4-469d-b170-f282ebc24d76', 0.045, 1.0),
  ('4cc3258e-e69e-4a9b-8474-2e78330142c2', 'c58b2c22-3779-4e63-82e4-b434116485fd', 'de75e06c-06cc-4772-9dff-245516b880b0', 0.2, 1.0),
  ('d85f0f0b-5b49-4567-a77b-af7eb3b93199', 'c58b2c22-3779-4e63-82e4-b434116485fd', 'e1c6e52b-e9af-4ad6-bf50-bfbe733e01d4', 0.01, 1.0),
  ('dc685ea4-36eb-4ed3-957d-7f155749f2ac', 'e8d09ce9-e885-4973-bfed-35cabfcacc66', '04d7328d-1ea6-4911-a155-9dcc93803266', 0.38, 1.0),
  ('db538617-495e-4a8a-897b-5cd2911fa4ad', 'e8d09ce9-e885-4973-bfed-35cabfcacc66', '29a4b67a-786e-48df-85aa-849168cea4be', 0.15, 1.17),
  ('25c5a29a-84c5-4671-ad60-495afa3b12ad', 'e8d09ce9-e885-4973-bfed-35cabfcacc66', 'bc5889a0-975a-4c60-9d04-a189a4aac6fb', 0.15, 1.17),
  ('121d0b6c-f109-4e77-a93c-077b6c4d3fc4', 'e8d09ce9-e885-4973-bfed-35cabfcacc66', '1009c07e-d13b-4d5f-bc7d-307222ff5b4c', 0.3, 1.0),
  ('1130c665-965b-4ffe-a55e-c8829fcc9ace', 'e8d09ce9-e885-4973-bfed-35cabfcacc66', 'e1c6e52b-e9af-4ad6-bf50-bfbe733e01d4', 0.01, 1.0),
  ('1e44fea8-7888-4073-9c6f-f565663536c0', 'e8d09ce9-e885-4973-bfed-35cabfcacc66', '02787474-c2f4-469d-b170-f282ebc24d76', 0.045, 1.0),
  ('b35f5145-7cce-4fdd-8fa4-4a60874287ae', 'c9b269f8-4d47-4252-a7ca-a541f18d42e0', '04d7328d-1ea6-4911-a155-9dcc93803266', 0.45, 1.0),
  ('055b37ed-a518-429b-a636-32228f1f8cf9', 'c9b269f8-4d47-4252-a7ca-a541f18d42e0', '02787474-c2f4-469d-b170-f282ebc24d76', 0.045, 1.0),
  ('1774106e-d575-4d92-ab93-36a981586dd9', 'c9b269f8-4d47-4252-a7ca-a541f18d42e0', 'f8ee2f41-204e-4734-8b4e-ddd211aa3fb9', 0.005, 1.0),
  ('455239d9-52dc-4eaa-82a5-a7aeeaae0518', 'e87f1686-0867-41ce-941d-cbba8f6f3c51', '04d7328d-1ea6-4911-a155-9dcc93803266', 0.38, 1.0),
  ('7c29057d-a390-4e19-9d62-31146c3792fe', 'e87f1686-0867-41ce-941d-cbba8f6f3c51', '02787474-c2f4-469d-b170-f282ebc24d76', 0.045, 1.0),
  ('340b454e-0548-41d6-bc8e-47ed31cfee19', 'e87f1686-0867-41ce-941d-cbba8f6f3c51', 'cf89d67d-856c-432b-99a4-cf93d9b1cdff', 0.15, 1.0),
  ('395d6132-a58c-4f4c-bff6-a890053c1b4a', 'e87f1686-0867-41ce-941d-cbba8f6f3c51', 'f8ee2f41-204e-4734-8b4e-ddd211aa3fb9', 0.005, 1.0),
  ('57605558-3484-489c-ad1c-8fc7a2b6f06b', '1bb81414-1018-4933-bff8-29f13fd0f5a4', 'f8ee2f41-204e-4734-8b4e-ddd211aa3fb9', 0.005, 1.0),
  ('009acc9c-88cd-4b42-9e0d-2e327099547d', '1bb81414-1018-4933-bff8-29f13fd0f5a4', '04d7328d-1ea6-4911-a155-9dcc93803266', 0.38, 1.0),
  ('63fdba62-8131-4823-8ad3-4ca1524b27a9', '1bb81414-1018-4933-bff8-29f13fd0f5a4', '02787474-c2f4-469d-b170-f282ebc24d76', 0.045, 1.0),
  ('180e2f11-6c5a-4a79-9fce-b491031a1730', '1bb81414-1018-4933-bff8-29f13fd0f5a4', '634a1155-2c5a-441d-b8ec-9b34040b3174', 0.04, 1.0),
  ('ab187e2b-5fc6-469c-8050-cb3d3d6ffc78', '1bb81414-1018-4933-bff8-29f13fd0f5a4', 'ce143367-750d-4cb1-89d3-92f73604e6e8', 0.04, 1.0),
  ('20c0e50f-de33-49af-b1cd-42617cd9e0fa', '1bb81414-1018-4933-bff8-29f13fd0f5a4', '5adb0a53-1435-4b36-a97f-81cabeb03993', 0.04, 1.0),
  ('ffccac33-c651-40c9-affe-b5429583e3e9', 'd3a6cfd6-6652-4672-80bc-5be2892f48a2', 'f8ee2f41-204e-4734-8b4e-ddd211aa3fb9', 0.005, 1.0),
  ('4fc8f990-1e8b-4d8c-87b9-ee4dc0f6b057', 'd3a6cfd6-6652-4672-80bc-5be2892f48a2', '04d7328d-1ea6-4911-a155-9dcc93803266', 0.38, 1.0),
  ('5fb7349c-5c24-49ee-8d6c-91f66ee489c5', 'd3a6cfd6-6652-4672-80bc-5be2892f48a2', '02787474-c2f4-469d-b170-f282ebc24d76', 0.045, 1.0),
  ('393da635-4c01-4394-9c7d-b66e2b52c02c', 'd3a6cfd6-6652-4672-80bc-5be2892f48a2', 'a846d67b-2602-4b47-bb10-64f91d839b4d', 0.15, 1.0),
  ('eff10486-20d1-4803-9d01-7150c7006deb', 'd3a6cfd6-6652-4672-80bc-5be2892f48a2', 'de75e06c-06cc-4772-9dff-245516b880b0', 0.2, 1.0),
  ('8e2528cc-c91c-4594-93c4-7f0fb8a89c53', 'd3a6cfd6-6652-4672-80bc-5be2892f48a2', 'e1c6e52b-e9af-4ad6-bf50-bfbe733e01d4', 0.01, 1.0),
  ('63f05a85-c32d-4728-8a37-ef4148180f94', 'ed95cd89-e36c-4659-89ea-9a8ffcafa38d', 'f8ee2f41-204e-4734-8b4e-ddd211aa3fb9', 0.005, 1.0),
  ('726ee9f8-374b-4c23-b8c1-1dd688552a42', 'ed95cd89-e36c-4659-89ea-9a8ffcafa38d', '5adb0a53-1435-4b36-a97f-81cabeb03993', 0.035, 1.0),
  ('71297dea-b2e9-47ef-9671-6add695d58b2', 'ed95cd89-e36c-4659-89ea-9a8ffcafa38d', '04d7328d-1ea6-4911-a155-9dcc93803266', 0.38, 1.0),
  ('d9606fc8-b5ff-48f8-b306-5f98669d8fc6', 'ed95cd89-e36c-4659-89ea-9a8ffcafa38d', '02787474-c2f4-469d-b170-f282ebc24d76', 0.045, 1.0),
  ('7256a04c-2e71-4c21-b80e-e9a3b3963a0a', 'ed95cd89-e36c-4659-89ea-9a8ffcafa38d', '8ce9f368-9dbf-4eac-9238-1901d5d3c1de', 0.2, 1.08),
  ('1e339ec3-a3c2-4157-8094-65bfc7388a5d', 'ed95cd89-e36c-4659-89ea-9a8ffcafa38d', 'e1c6e52b-e9af-4ad6-bf50-bfbe733e01d4', 0.01, 1.0),
  ('8f375d2f-9859-419b-868f-8555387a2388', '7505682e-0c9b-43d0-90ab-dac06fc8ef3c', '04d7328d-1ea6-4911-a155-9dcc93803266', 0.38, 1.0),
  ('4b22bdaf-54df-4a60-a55e-19079a8f034e', '7505682e-0c9b-43d0-90ab-dac06fc8ef3c', '02787474-c2f4-469d-b170-f282ebc24d76', 0.045, 1.0),
  ('ef2a9afb-518f-4e0b-a3db-cf95b90df893', '7505682e-0c9b-43d0-90ab-dac06fc8ef3c', 'b21565e3-be50-4787-ba8c-74988d3d658e', 0.05, 1.1),
  ('69993aa2-73cf-4319-9b04-40a2ead0fc73', '7505682e-0c9b-43d0-90ab-dac06fc8ef3c', 'de75e06c-06cc-4772-9dff-245516b880b0', 0.05, 1.0),
  ('4f99cf6b-d6f5-440b-a402-b9cb935f3e8c', '7505682e-0c9b-43d0-90ab-dac06fc8ef3c', 'cf89d67d-856c-432b-99a4-cf93d9b1cdff', 0.05, 1.0),
  ('52e2fcaa-5bdc-4769-b8e2-7171df419112', '7505682e-0c9b-43d0-90ab-dac06fc8ef3c', '57e6e018-28a9-46fb-96c8-753fde6c3171', 0.05, 1.0),
  ('e77dcd26-fbb3-47df-819b-0e95a13821a0', '7505682e-0c9b-43d0-90ab-dac06fc8ef3c', 'ab890810-8426-4bf4-a743-6abc72458869', 0.045, 1.0),
  ('3d17312c-c012-4137-9818-dedb019dc39a', '561a0172-fe64-4fec-9441-b72687b6eb63', 'f8ee2f41-204e-4734-8b4e-ddd211aa3fb9', 0.005, 1.0),
  ('c4433002-0665-40dd-ba54-4a39d939cd40', '561a0172-fe64-4fec-9441-b72687b6eb63', '04d7328d-1ea6-4911-a155-9dcc93803266', 0.38, 1.0),
  ('7be234ef-1111-4348-b12d-b7e59cef8192', '561a0172-fe64-4fec-9441-b72687b6eb63', '02787474-c2f4-469d-b170-f282ebc24d76', 0.045, 1.0),
  ('a1d4425e-92bd-49f7-9ab4-81a861a67bdd', '561a0172-fe64-4fec-9441-b72687b6eb63', '7727a0d6-d9ec-4fa1-bc7a-ae20d59443fd', 8.0, 1.0),
  ('7670e31d-b381-485b-aefb-3b1e20e63396', '3d18a188-dcf0-4938-b5a1-f275e07e903c', '04d7328d-1ea6-4911-a155-9dcc93803266', 0.38, 1.0),
  ('bd9c78f9-4d7a-42d7-a0a4-adbe75a97e18', '3d18a188-dcf0-4938-b5a1-f275e07e903c', '02787474-c2f4-469d-b170-f282ebc24d76', 0.045, 1.0),
  ('098eee0b-f31a-4aae-9ce5-b92d9c789568', '3d18a188-dcf0-4938-b5a1-f275e07e903c', '87a8df5e-6157-4a26-982d-265ae0792474', 0.25, 1.0),
  ('9adeafd0-ec4c-48fb-b377-be2642299f5f', '3d18a188-dcf0-4938-b5a1-f275e07e903c', '9495e591-f432-4710-b7f8-6b68c00dc730', 0.03, 1.0),
  ('bef2e76d-f41f-4a42-bd2f-4f6fab3d1e7b', '4b0f4d60-f1d5-412a-85cc-65de3c24300c', '04d7328d-1ea6-4911-a155-9dcc93803266', 0.38, 1.0),
  ('293224f0-f9b2-4cca-b7af-d11c5e05772e', '4b0f4d60-f1d5-412a-85cc-65de3c24300c', '02787474-c2f4-469d-b170-f282ebc24d76', 0.045, 1.0),
  ('49fc7a57-463f-4dc1-8cfd-7e052a998a12', '4b0f4d60-f1d5-412a-85cc-65de3c24300c', 'b21565e3-be50-4787-ba8c-74988d3d658e', 0.12, 1.1),
  ('20b32b65-f7b6-485a-a750-2d91dc39d8da', '4b0f4d60-f1d5-412a-85cc-65de3c24300c', 'b92f2857-691e-4391-89eb-3cb9519a2ac2', 0.1, 1.0),
  ('2e0de628-0a03-44b5-a2ae-49f774cfd3a0', '4b0f4d60-f1d5-412a-85cc-65de3c24300c', '2f5bda1c-3d19-4188-9255-4e304e653af4', 0.002, 1.0),
  ('d6639b12-64d0-4ace-b840-93b6e27a713d', 'f87d7be5-2380-4ec3-ac8e-1aa9a192c03f', '04d7328d-1ea6-4911-a155-9dcc93803266', 0.38, 1.0),
  ('fd173fdd-0c50-45ec-843c-259d44e8bed1', 'f87d7be5-2380-4ec3-ac8e-1aa9a192c03f', '02787474-c2f4-469d-b170-f282ebc24d76', 0.06, 1.0),
  ('947efe3a-67d8-4db4-b0f7-30ade9445fb2', 'f87d7be5-2380-4ec3-ac8e-1aa9a192c03f', 'de75e06c-06cc-4772-9dff-245516b880b0', 0.06, 1.0),
  ('43fc522f-3063-4441-a489-a13b96ea5329', 'f87d7be5-2380-4ec3-ac8e-1aa9a192c03f', '8ce9f368-9dbf-4eac-9238-1901d5d3c1de', 0.08, 1.1),
  ('dfa3d013-05c0-40c2-945c-00cc98cbb5fb', 'f87d7be5-2380-4ec3-ac8e-1aa9a192c03f', '733895f1-ed81-4249-b3cd-dc7bcdd9fbec', 0.075, 1.0),
  ('f812f6e9-fc1d-44d1-b5d5-deffafa9cbf9', 'f87d7be5-2380-4ec3-ac8e-1aa9a192c03f', '87a8df5e-6157-4a26-982d-265ae0792474', 0.1, 1.0),
  ('89bb396d-08f2-4b81-843c-7e2e4e4001dd', 'f87d7be5-2380-4ec3-ac8e-1aa9a192c03f', '2dbf2dcd-e4d4-4d1c-8142-8dde0db56fad', 0.03, 1.0),
  ('387884f5-fdeb-4424-8c3b-4e2100f0d8f6', '80abe0ea-502c-472f-b9e2-ed1c492e1c94', 'f8ee2f41-204e-4734-8b4e-ddd211aa3fb9', 0.005, 1.0),
  ('e83e7472-752e-49fe-9bda-d68d8a93129d', '80abe0ea-502c-472f-b9e2-ed1c492e1c94', '04d7328d-1ea6-4911-a155-9dcc93803266', 0.38, 1.0),
  ('a450fea0-e842-4dd8-ae71-676036926aa7', '80abe0ea-502c-472f-b9e2-ed1c492e1c94', '02787474-c2f4-469d-b170-f282ebc24d76', 0.045, 1.0),
  ('cb4940a9-60d3-48d1-866f-0e0b9ed27ccf', '80abe0ea-502c-472f-b9e2-ed1c492e1c94', 'b92f2857-691e-4391-89eb-3cb9519a2ac2', 0.1, 1.0),
  ('a2d50ffc-bedb-4b9f-9b41-13e8d02070f9', '510773d9-042d-4c3d-9e6f-c0c549b3513e', '04d7328d-1ea6-4911-a155-9dcc93803266', 0.38, 1.0),
  ('5af3ae6a-99d2-4915-ad57-09c356ff5348', '510773d9-042d-4c3d-9e6f-c0c549b3513e', '07e3e02d-80f5-44d4-bed5-7f2bfef26725', 0.05, 1.0),
  ('b09c27ca-231e-42f2-baee-bcdb15e17e3e', '510773d9-042d-4c3d-9e6f-c0c549b3513e', '0e9bd3c7-838b-4b82-831e-0ad40c5b96be', 0.53, 1.5),
  ('041963ea-7707-4822-81f4-a8db6f5a0b6d', '510773d9-042d-4c3d-9e6f-c0c549b3513e', '8ce9f368-9dbf-4eac-9238-1901d5d3c1de', 0.05, 1.0),
  ('bb054374-ced2-4583-b50b-2895f3e8ffc1', '510773d9-042d-4c3d-9e6f-c0c549b3513e', 'a8c604fe-1970-4314-a7b3-6d00d8052581', 0.015, 1.0),
  ('742d2e7e-f3c1-495d-a493-6aa1ed635ef4', '510773d9-042d-4c3d-9e6f-c0c549b3513e', 'e1c6e52b-e9af-4ad6-bf50-bfbe733e01d4', 0.01, 1.0),
  ('e77a6476-cc66-4be5-986a-bccbadcf979f', '510773d9-042d-4c3d-9e6f-c0c549b3513e', '5adb0a53-1435-4b36-a97f-81cabeb03993', 0.05, 1.0),
  ('1d41ae90-434f-45f7-8a2e-3f10132bf717', '7149f223-52ae-4247-8832-2697bb4e2b7f', 'e1c6e52b-e9af-4ad6-bf50-bfbe733e01d4', 0.015, 1.0),
  ('6c4620d4-ae23-4c1e-9091-a3ca74a3b928', '7149f223-52ae-4247-8832-2697bb4e2b7f', '634a1155-2c5a-441d-b8ec-9b34040b3174', 0.1, 1.0),
  ('7e8503e9-5610-40fc-ab26-15515249fe5d', '7149f223-52ae-4247-8832-2697bb4e2b7f', 'f8ee2f41-204e-4734-8b4e-ddd211aa3fb9', 0.005, 1.0),
  ('8675d19e-070e-4dbc-b35a-37cadbf88678', '7149f223-52ae-4247-8832-2697bb4e2b7f', '04d7328d-1ea6-4911-a155-9dcc93803266', 1.0, 1.0),
  ('8c4b945e-7f47-44af-940c-06579916c4b8', '827b5506-c457-4f23-9311-98fde860ca70', '04d7328d-1ea6-4911-a155-9dcc93803266', 0.38, 1.0),
  ('cb24efb3-094e-4827-a224-209bdc671044', '827b5506-c457-4f23-9311-98fde860ca70', '02787474-c2f4-469d-b170-f282ebc24d76', 0.045, 1.0),
  ('29697a01-7d0f-4022-a74c-22641ca8b7b7', '827b5506-c457-4f23-9311-98fde860ca70', 'bfa7ffc6-3fbe-4c89-8cb3-8532c5f91d5f', 0.2, 1.0),
  ('654bf197-87ff-4a79-ba4f-9e6ca1a8d259', '827b5506-c457-4f23-9311-98fde860ca70', 'de75e06c-06cc-4772-9dff-245516b880b0', 0.2, 1.0),
  ('bbd8d294-ff68-46dc-8f5e-16f58904258e', '4f14c90a-6359-48fa-8593-a1b87adc35f6', '04d7328d-1ea6-4911-a155-9dcc93803266', 0.38, 1.0),
  ('aba1780c-6a17-4e59-abd9-8fa34fa5b5b3', '4f14c90a-6359-48fa-8593-a1b87adc35f6', '02787474-c2f4-469d-b170-f282ebc24d76', 0.045, 1.0),
  ('9c3d752a-f3a5-45a1-9b5d-9a3138140c0a', '4f14c90a-6359-48fa-8593-a1b87adc35f6', 'bc5889a0-975a-4c60-9d04-a189a4aac6fb', 0.15, 1.17),
  ('a276a1e8-315b-4da2-8411-51d321a27bf1', '4f14c90a-6359-48fa-8593-a1b87adc35f6', 'b21565e3-be50-4787-ba8c-74988d3d658e', 0.2, 1.1),
  ('0ee9bb26-e2d8-4c5c-9d21-3e969b7de413', '27764d9a-00ef-4e1f-ae93-1633517fb20e', '04d7328d-1ea6-4911-a155-9dcc93803266', 0.38, 1.0),
  ('2bd7b00b-fdaf-44b2-a4ed-7f18bbd7922c', '27764d9a-00ef-4e1f-ae93-1633517fb20e', '02787474-c2f4-469d-b170-f282ebc24d76', 0.045, 1.0),
  ('989a8e3b-e214-463e-9f8a-91c6026d4a1f', '27764d9a-00ef-4e1f-ae93-1633517fb20e', 'a846d67b-2602-4b47-bb10-64f91d839b4d', 0.05, 1.0),
  ('b2dfea8b-22a7-4a03-8b86-5ab19b242da5', '27764d9a-00ef-4e1f-ae93-1633517fb20e', '2f5bda1c-3d19-4188-9255-4e304e653af4', 0.002, 1.0),
  ('ac12cfcb-14b6-43ea-8596-64464754d366', '27764d9a-00ef-4e1f-ae93-1633517fb20e', '87a8df5e-6157-4a26-982d-265ae0792474', 0.25, 1.0),
  ('e958d5d8-c754-40b9-adcd-07018c94fbd4', '27764d9a-00ef-4e1f-ae93-1633517fb20e', '9495e591-f432-4710-b7f8-6b68c00dc730', 0.03, 1.0),
  ('6eb0bb87-f59b-4564-b116-f98fb4371bc9', 'c8cd744c-ce1a-40f4-a63a-e08a53e8f80c', '04d7328d-1ea6-4911-a155-9dcc93803266', 0.38, 1.0),
  ('f525eac5-6774-460a-a7ea-34edce631f1b', 'c8cd744c-ce1a-40f4-a63a-e08a53e8f80c', '02787474-c2f4-469d-b170-f282ebc24d76', 0.045, 1.0),
  ('fe26a2c3-4883-41c5-8d48-f595eff7101d', 'c8cd744c-ce1a-40f4-a63a-e08a53e8f80c', 'b21565e3-be50-4787-ba8c-74988d3d658e', 0.2, 1.1),
  ('88171da2-2e43-4bd5-b41b-5326a586e306', 'c8cd744c-ce1a-40f4-a63a-e08a53e8f80c', '2f5bda1c-3d19-4188-9255-4e304e653af4', 0.002, 1.0),
  ('7e88ad1a-7dbe-4e56-823a-dbb8fcc05b58', 'c8cd744c-ce1a-40f4-a63a-e08a53e8f80c', '1009c07e-d13b-4d5f-bc7d-307222ff5b4c', 0.02, 1.3),
  ('ba5dee9f-252a-4bb8-80f2-a76421afce3c', '48e76b14-3b51-4dd7-a50b-6615e4ca336a', 'f8ee2f41-204e-4734-8b4e-ddd211aa3fb9', 0.005, 1.0),
  ('9b8f38fc-c3e4-4758-a284-a9fb9a75c58e', '48e76b14-3b51-4dd7-a50b-6615e4ca336a', '04d7328d-1ea6-4911-a155-9dcc93803266', 0.2, 1.0),
  ('6e991b6f-80ce-42ed-93b4-8121b9b04778', '48e76b14-3b51-4dd7-a50b-6615e4ca336a', '02787474-c2f4-469d-b170-f282ebc24d76', 0.045, 1.0),
  ('645fdee6-6354-4915-98d5-a32bf152955d', '48e76b14-3b51-4dd7-a50b-6615e4ca336a', '634a1155-2c5a-441d-b8ec-9b34040b3174', 0.04, 1.0),
  ('be0b8f5a-890f-4cba-a7a5-31c0186de159', '48e76b14-3b51-4dd7-a50b-6615e4ca336a', '32d93493-84e8-4707-8d25-7042649d6250', 0.08, 1.0),
  ('db5b77b8-d9e9-4dcc-8850-087ec79af79d', '48e76b14-3b51-4dd7-a50b-6615e4ca336a', 'b92f2857-691e-4391-89eb-3cb9519a2ac2', 0.05, 1.0),
  ('317775b3-38fa-483c-a125-5ea81fb283a7', '48e76b14-3b51-4dd7-a50b-6615e4ca336a', 'ce143367-750d-4cb1-89d3-92f73604e6e8', 0.04, 1.0),
  ('138afc66-d140-4f51-ba61-1d4dff4a0d75', '48e76b14-3b51-4dd7-a50b-6615e4ca336a', '5adb0a53-1435-4b36-a97f-81cabeb03993', 0.04, 1.0),
  ('ac7d6e4a-6601-42e7-9c04-1658b89383f8', '646808db-220c-420e-adf4-b92c68e6c6b0', 'f8ee2f41-204e-4734-8b4e-ddd211aa3fb9', 0.005, 1.0),
  ('e5117d5e-73d3-42c7-8681-418c9a1aa4d4', '646808db-220c-420e-adf4-b92c68e6c6b0', '04d7328d-1ea6-4911-a155-9dcc93803266', 0.38, 1.0),
  ('bbda43df-7e91-4f4f-b915-d58b70bef4e0', '646808db-220c-420e-adf4-b92c68e6c6b0', '02787474-c2f4-469d-b170-f282ebc24d76', 0.045, 1.0),
  ('a42003af-3ede-44fd-9989-0ba7ef011384', '646808db-220c-420e-adf4-b92c68e6c6b0', 'de75e06c-06cc-4772-9dff-245516b880b0', 0.2, 1.0),
  ('b08bed7b-935c-49c1-88ff-b77ad60fcdaa', '646808db-220c-420e-adf4-b92c68e6c6b0', '8ce9f368-9dbf-4eac-9238-1901d5d3c1de', 0.2, 1.08),
  ('801c6892-6de6-444e-8f1b-c82aa1c79968', '646808db-220c-420e-adf4-b92c68e6c6b0', 'e1c6e52b-e9af-4ad6-bf50-bfbe733e01d4', 0.01, 1.0),
  ('efbd2259-cce6-4295-942c-dafb65f97e86', '646808db-220c-420e-adf4-b92c68e6c6b0', '5adb0a53-1435-4b36-a97f-81cabeb03993', 0.04, 1.0),
  ('10e0eb6f-9136-4863-b31e-8ac79b2f3662', '0af5c732-f7ce-456e-9a66-f1356c32fdcf', '04d7328d-1ea6-4911-a155-9dcc93803266', 0.38, 1.0),
  ('721f604d-b8dd-4b8b-8f52-c870b41fc38c', '0af5c732-f7ce-456e-9a66-f1356c32fdcf', '02787474-c2f4-469d-b170-f282ebc24d76', 0.045, 1.0),
  ('c0086b34-f7db-4dea-9ecc-9f23e231ebe0', '0af5c732-f7ce-456e-9a66-f1356c32fdcf', 'e0f37c9d-70c8-4bdd-b78a-6d3a2f4bcc22', 0.25, 1.0),
  ('c4e5368c-022f-49c7-b63a-d7958458b727', '0af5c732-f7ce-456e-9a66-f1356c32fdcf', 'a4638a82-c1d6-4e7e-83e6-1bbc38d26253', 0.015, 1.33),
  ('fba9a2f0-d60b-44f4-a081-ae5ed1efef4d', '0af5c732-f7ce-456e-9a66-f1356c32fdcf', '5adb0a53-1435-4b36-a97f-81cabeb03993', 0.04, 1.0),
  ('92241a32-5213-46f1-b2aa-1836ad7cb6c0', 'c88ceaa5-0b73-4cdc-adf7-fd9e088f5354', '04d7328d-1ea6-4911-a155-9dcc93803266', 0.38, 1.0),
  ('8e7f028a-e5fc-4039-97a9-20ef60f3e3bf', 'c88ceaa5-0b73-4cdc-adf7-fd9e088f5354', '5adb0a53-1435-4b36-a97f-81cabeb03993', 0.05, 1.0),
  ('0ddfbcbd-5f9a-4660-9005-91949a1454bc', 'c88ceaa5-0b73-4cdc-adf7-fd9e088f5354', 'e1c6e52b-e9af-4ad6-bf50-bfbe733e01d4', 0.03, 1.0),
  ('3c499609-c96b-4b59-9b8a-d476236f6ed7', 'c88ceaa5-0b73-4cdc-adf7-fd9e088f5354', 'a4638a82-c1d6-4e7e-83e6-1bbc38d26253', 0.02, 1.33),
  ('634dc297-045a-4420-b465-ce00d6c523d7', 'c88ceaa5-0b73-4cdc-adf7-fd9e088f5354', 'f8ee2f41-204e-4734-8b4e-ddd211aa3fb9', 0.005, 1.0),
  ('80abeee5-5011-49db-9b87-25f18f17604e', '931e496d-a71c-4ee8-b7cf-3820b5bac1a3', '5adb0a53-1435-4b36-a97f-81cabeb03993', 0.04, 1.0),
  ('945160c7-4003-4957-8c95-46f7fcea2d3f', '931e496d-a71c-4ee8-b7cf-3820b5bac1a3', '04d7328d-1ea6-4911-a155-9dcc93803266', 0.38, 1.0),
  ('512d0592-99ae-47c0-a007-925c62a24110', '931e496d-a71c-4ee8-b7cf-3820b5bac1a3', '02787474-c2f4-469d-b170-f282ebc24d76', 0.045, 1.0),
  ('bb481e1a-b71c-43c2-879a-8113d5f8d255', '931e496d-a71c-4ee8-b7cf-3820b5bac1a3', '8ce9f368-9dbf-4eac-9238-1901d5d3c1de', 0.2, 1.08),
  ('3b2f6d07-3370-4ed5-ba48-738c1da8581d', '931e496d-a71c-4ee8-b7cf-3820b5bac1a3', 'c1f67eca-647c-44fe-b515-60bb09f993d9', 0.04, 1.0),
  ('6d8c0d25-52b5-43ca-80d2-c2c812644010', '47b1877b-495e-4bf0-9fdf-7536cd2003a5', '5adb0a53-1435-4b36-a97f-81cabeb03993', 0.04, 1.0),
  ('f003aacd-dc08-4c57-9f77-f737079fb381', '47b1877b-495e-4bf0-9fdf-7536cd2003a5', 'f8ee2f41-204e-4734-8b4e-ddd211aa3fb9', 0.005, 1.0),
  ('34ca0ff5-64be-4dae-912b-61d13638d91a', '47b1877b-495e-4bf0-9fdf-7536cd2003a5', '04d7328d-1ea6-4911-a155-9dcc93803266', 0.6, 1.0),
  ('098e5107-c138-43b8-8dc1-1ca17d0d03d4', '47b1877b-495e-4bf0-9fdf-7536cd2003a5', 'de75e06c-06cc-4772-9dff-245516b880b0', 0.15, 1.0),
  ('c718e5c7-b365-4abb-a02e-f37bed0969e3', '47b1877b-495e-4bf0-9fdf-7536cd2003a5', '29a4b67a-786e-48df-85aa-849168cea4be', 0.25, 1.17),
  ('d863babe-de39-44bd-a125-8f30e02c6506', '47b1877b-495e-4bf0-9fdf-7536cd2003a5', 'e1c6e52b-e9af-4ad6-bf50-bfbe733e01d4', 0.01, 1.0),
  ('b9e24e02-8a14-4b69-9231-8d78b7a00689', 'ca15231b-e6bc-48d6-8a82-1ff1a2004a86', 'f8ee2f41-204e-4734-8b4e-ddd211aa3fb9', 0.005, 1.0),
  ('190dc214-ca5b-4c3e-9967-213f3d3df175', 'ca15231b-e6bc-48d6-8a82-1ff1a2004a86', '04d7328d-1ea6-4911-a155-9dcc93803266', 0.45, 1.0),
  ('25f27ee9-14d0-4ae1-a8a5-a30b0409fdf9', 'ca15231b-e6bc-48d6-8a82-1ff1a2004a86', 'de75e06c-06cc-4772-9dff-245516b880b0', 0.125, 1.0),
  ('fbfbb9e9-1525-4087-99d1-eed661c98547', 'ca15231b-e6bc-48d6-8a82-1ff1a2004a86', '8ce9f368-9dbf-4eac-9238-1901d5d3c1de', 0.2, 1.08),
  ('be814187-6d18-4ef0-97b3-b81fe91d1aaa', 'ca15231b-e6bc-48d6-8a82-1ff1a2004a86', 'a4638a82-c1d6-4e7e-83e6-1bbc38d26253', 0.003, 1.33),
  ('c5300324-acbf-4e74-9eb4-a4953174f13c', 'ca15231b-e6bc-48d6-8a82-1ff1a2004a86', 'e1c6e52b-e9af-4ad6-bf50-bfbe733e01d4', 0.007, 1.0),
  ('a78a9bc9-1b97-430e-9674-458f90cad36d', 'd645bb4a-ca5a-4732-8700-59ed30010d44', 'f8ee2f41-204e-4734-8b4e-ddd211aa3fb9', 0.005, 1.0),
  ('66e01ef5-b636-438f-a9bd-aac9436418cf', 'd645bb4a-ca5a-4732-8700-59ed30010d44', '04d7328d-1ea6-4911-a155-9dcc93803266', 0.45, 1.0),
  ('c0e96a2a-db83-4862-9324-307aea54279a', 'd645bb4a-ca5a-4732-8700-59ed30010d44', '634a1155-2c5a-441d-b8ec-9b34040b3174', 0.04, 1.0),
  ('cfa08272-eb40-40fe-93c5-0c8a59bed3d3', 'd645bb4a-ca5a-4732-8700-59ed30010d44', 'ce143367-750d-4cb1-89d3-92f73604e6e8', 0.04, 1.0),
  ('7d9c2d9b-2927-4565-80e0-9e74a87eabd8', 'd645bb4a-ca5a-4732-8700-59ed30010d44', '5adb0a53-1435-4b36-a97f-81cabeb03993', 0.04, 1.0),
  ('84c1c21a-035a-4723-82ec-7734310822c5', 'd645bb4a-ca5a-4732-8700-59ed30010d44', 'e1c6e52b-e9af-4ad6-bf50-bfbe733e01d4', 0.01, 1.0),
  ('66b0708a-1281-4a2b-b85c-5731136ab821', '717aca6a-4155-4f9c-9051-60c3b7243ab7', '04d7328d-1ea6-4911-a155-9dcc93803266', 0.45, 1.0),
  ('253168cb-83d9-4743-8cd5-ec1c42b67268', '717aca6a-4155-4f9c-9051-60c3b7243ab7', 'a846d67b-2602-4b47-bb10-64f91d839b4d', 0.15, 1.25),
  ('897bd665-67e3-411c-b06b-356f779ca5e7', '717aca6a-4155-4f9c-9051-60c3b7243ab7', '87a8df5e-6157-4a26-982d-265ae0792474', 0.2, 1.0),
  ('ecb1763a-00b6-4873-87dd-a500b9fff7dd', '717aca6a-4155-4f9c-9051-60c3b7243ab7', '2f5bda1c-3d19-4188-9255-4e304e653af4', 0.002, 1.0),
  ('2c74dbc2-fe70-4097-b2ae-46621fbc431a', '717aca6a-4155-4f9c-9051-60c3b7243ab7', '5adb0a53-1435-4b36-a97f-81cabeb03993', 0.015, 1.0),
  ('070946eb-fda4-4a2d-837f-ae99593048bd', '717aca6a-4155-4f9c-9051-60c3b7243ab7', '9495e591-f432-4710-b7f8-6b68c00dc730', 0.03, 1.0),
  ('15fa71a0-6ebc-43f6-9f88-27557d9bf576', '14519fa2-d64d-42f9-9737-f5d5ddfdd1f1', '5adb0a53-1435-4b36-a97f-81cabeb03993', 0.05, 1.0),
  ('34dd7dc2-3818-42dd-8ea3-51163c46e73b', '14519fa2-d64d-42f9-9737-f5d5ddfdd1f1', 'f8ee2f41-204e-4734-8b4e-ddd211aa3fb9', 0.005, 1.0),
  ('7c1595d8-c341-4fd9-9763-fe859c87456a', '14519fa2-d64d-42f9-9737-f5d5ddfdd1f1', '04d7328d-1ea6-4911-a155-9dcc93803266', 0.4, 1.0),
  ('e9391f1e-fc28-4c23-b696-5e74c912538e', '14519fa2-d64d-42f9-9737-f5d5ddfdd1f1', '8ce9f368-9dbf-4eac-9238-1901d5d3c1de', 0.05, 1.1),
  ('cfb4b9ac-932c-4743-ade9-888df442697f', '14519fa2-d64d-42f9-9737-f5d5ddfdd1f1', 'a5d92757-0257-4ba9-a47d-c3fe5a69c765', 0.05, 1.0),
  ('029f6cff-658b-4abc-8dc0-1c78149b6464', 'cdec6958-4591-49ac-98c3-a089fe302d1e', 'f8ee2f41-204e-4734-8b4e-ddd211aa3fb9', 0.002, 1.0),
  ('40d0ee13-f633-4268-b65a-795d683e92e7', 'cdec6958-4591-49ac-98c3-a089fe302d1e', 'de75e06c-06cc-4772-9dff-245516b880b0', 0.05, 1.0),
  ('eb5d56c4-6a8d-4785-a5f3-51b03655a8db', 'cdec6958-4591-49ac-98c3-a089fe302d1e', '04d7328d-1ea6-4911-a155-9dcc93803266', 0.1, 1.0),
  ('bd7fd073-5d56-4395-9c11-23048b277511', '72b49c44-408e-4331-a54c-e403a1f6152e', 'b4952d1f-c898-4ede-9a4f-9aa3a2cfbfa4', 1.0, 1.0),
  ('5ad57044-6825-44b9-80aa-39ef7a31797b', '72b49c44-408e-4331-a54c-e403a1f6152e', '04664876-e812-433c-b46e-b8e96c97e179', 0.15, 1.0),
  ('4d10e065-2f42-46ce-9a1f-69448486de60', '72b49c44-408e-4331-a54c-e403a1f6152e', '8ce9f368-9dbf-4eac-9238-1901d5d3c1de', 0.03, 1.0),
  ('bc7ae440-16c1-47f1-b9d6-88033b8ef2e4', '72b49c44-408e-4331-a54c-e403a1f6152e', '55bd0ab8-f61c-476e-9696-117809672fd9', 0.02, 1.2),
  ('a5480052-aa5a-42e7-afd7-f5058df212c2', '72b49c44-408e-4331-a54c-e403a1f6152e', '7ead0217-a4ea-48e3-9daf-6f9f87c000e1', 0.2, 1.0),
  ('22653489-a6fb-4e01-b35e-fe3a6cb2fc9a', '72b49c44-408e-4331-a54c-e403a1f6152e', '8759053b-3d80-453f-8679-7c1cd9c1467b', 0.0, 1.0),
  ('e8284e3a-7902-4695-9d5e-0d25129f375d', '50668c96-345d-46cf-b0cd-79e0c857224d', 'b4952d1f-c898-4ede-9a4f-9aa3a2cfbfa4', 1.0, 1.0),
  ('dd5faadd-f88f-46f1-9fbb-bf38935be670', '50668c96-345d-46cf-b0cd-79e0c857224d', '04664876-e812-433c-b46e-b8e96c97e179', 0.15, 1.0),
  ('e9537353-b3b4-45d0-9159-25ea34d5d7f0', '50668c96-345d-46cf-b0cd-79e0c857224d', '8ce9f368-9dbf-4eac-9238-1901d5d3c1de', 0.03, 1.0),
  ('51086319-44cb-440b-b73f-b693bf67966b', '50668c96-345d-46cf-b0cd-79e0c857224d', '55bd0ab8-f61c-476e-9696-117809672fd9', 0.02, 1.2),
  ('5fa3598f-6253-40a4-966f-5e69203c4acf', '50668c96-345d-46cf-b0cd-79e0c857224d', '4f4af524-c985-4a0c-897f-ca178ba705c6', 0.025, 1.0),
  ('94268c7a-0e7f-472f-a2dd-b1923ad393c0', '50668c96-345d-46cf-b0cd-79e0c857224d', '92cf3916-4ea9-49f6-858b-585869767afe', 1.0, 1.0),
  ('99e8d997-4697-4a4c-84f7-c6f297dc0fbc', '50668c96-345d-46cf-b0cd-79e0c857224d', '7ead0217-a4ea-48e3-9daf-6f9f87c000e1', 0.2, 1.0),
  ('5d459c47-16d8-45e1-8ba1-1c03f085d9e1', '50668c96-345d-46cf-b0cd-79e0c857224d', '8759053b-3d80-453f-8679-7c1cd9c1467b', 0.0, 1.0),
  ('9b22ca8d-ba8e-4f20-b679-c9717bdf4a8f', '9c887921-83f4-4a87-8204-a56719e7850e', 'b4952d1f-c898-4ede-9a4f-9aa3a2cfbfa4', 1.0, 1.0),
  ('49e80ece-3412-4588-945f-b04afb7e3c16', '9c887921-83f4-4a87-8204-a56719e7850e', '04664876-e812-433c-b46e-b8e96c97e179', 0.3, 1.0),
  ('2af8c088-6f53-4528-921c-8b9cdc283e5e', '9c887921-83f4-4a87-8204-a56719e7850e', '8ce9f368-9dbf-4eac-9238-1901d5d3c1de', 0.03, 1.0),
  ('03c9abc1-f4dd-4d1a-a87c-5aba3f7747d7', '9c887921-83f4-4a87-8204-a56719e7850e', '55bd0ab8-f61c-476e-9696-117809672fd9', 0.02, 1.2),
  ('2f8b0381-1282-49bb-b3e6-55de574d5a81', '9c887921-83f4-4a87-8204-a56719e7850e', '32d93493-84e8-4707-8d25-7042649d6250', 2.0, 1.0),
  ('972c3442-8b48-4a1b-b4eb-5bf13961bc57', '9c887921-83f4-4a87-8204-a56719e7850e', '92cf3916-4ea9-49f6-858b-585869767afe', 1.0, 1.0),
  ('e60c29b7-29e1-40f7-bfe1-7e0557187b83', '9c887921-83f4-4a87-8204-a56719e7850e', 'df2c7fa5-3f35-46b7-868b-6e0691ce08d9', 0.03, 1.17),
  ('d15948d9-4466-4951-87b4-f23e1f559297', '9c887921-83f4-4a87-8204-a56719e7850e', 'b21565e3-be50-4787-ba8c-74988d3d658e', 0.03, 1.0),
  ('9b623edd-e668-4a89-ba1b-019ab1148593', '9c887921-83f4-4a87-8204-a56719e7850e', '7ead0217-a4ea-48e3-9daf-6f9f87c000e1', 0.2, 1.0),
  ('077b820f-32f7-4809-a9ad-2cf9c72ecfbe', '9c887921-83f4-4a87-8204-a56719e7850e', '8759053b-3d80-453f-8679-7c1cd9c1467b', 0.0, 1.0),
  ('06eaec8a-f8f6-450e-a3cf-4658cb5dc297', '5b1655ae-b0e1-4bcc-817b-a991f8969fa9', 'b4952d1f-c898-4ede-9a4f-9aa3a2cfbfa4', 1.0, 1.0),
  ('d0cd709c-1377-4d2d-a23b-28401021fcb5', '5b1655ae-b0e1-4bcc-817b-a991f8969fa9', '04664876-e812-433c-b46e-b8e96c97e179', 0.15, 1.0),
  ('9568523f-4f4c-4904-9946-75142b174c93', '5b1655ae-b0e1-4bcc-817b-a991f8969fa9', '32d93493-84e8-4707-8d25-7042649d6250', 1.0, 1.0),
  ('791eb3ef-d72b-4e81-a6c9-87e9d9701a30', '5b1655ae-b0e1-4bcc-817b-a991f8969fa9', '4f4af524-c985-4a0c-897f-ca178ba705c6', 0.025, 1.0),
  ('0081974e-ae1a-488d-a535-c5cf40a8e64e', '5b1655ae-b0e1-4bcc-817b-a991f8969fa9', '7ead0217-a4ea-48e3-9daf-6f9f87c000e1', 0.2, 1.0),
  ('f30d7e1e-5c2e-47de-98cf-4ff3eba5851f', '5b1655ae-b0e1-4bcc-817b-a991f8969fa9', '8759053b-3d80-453f-8679-7c1cd9c1467b', 0.0, 1.0),
  ('0bd47db4-90d8-4f71-93bc-d83ea74dda9b', '85f6a46f-fafe-4d6c-b4eb-254384d39774', 'b4952d1f-c898-4ede-9a4f-9aa3a2cfbfa4', 1.0, 1.0),
  ('2e5452f1-fc41-48ac-b730-e55f266a1d6e', '85f6a46f-fafe-4d6c-b4eb-254384d39774', '04664876-e812-433c-b46e-b8e96c97e179', 0.15, 1.0),
  ('64c13838-6a92-4e28-a1e6-63dfd950b4cc', '85f6a46f-fafe-4d6c-b4eb-254384d39774', '8ce9f368-9dbf-4eac-9238-1901d5d3c1de', 0.03, 1.0),
  ('23b0cccb-5093-4f6c-85ad-884249c63c70', '85f6a46f-fafe-4d6c-b4eb-254384d39774', '70eee541-d7a2-4c38-bd31-d5158ef72202', 0.03, 1.0),
  ('c6ea16f9-7f1f-4bf4-98b8-92a3b06a24fc', '85f6a46f-fafe-4d6c-b4eb-254384d39774', '4f4af524-c985-4a0c-897f-ca178ba705c6', 0.025, 1.0),
  ('f1e2d937-7591-4285-bde7-e0aa89679914', '85f6a46f-fafe-4d6c-b4eb-254384d39774', 'a846d67b-2602-4b47-bb10-64f91d839b4d', 0.08, 1.2),
  ('0fe4021c-49c3-488b-85f9-684030dacfcd', '85f6a46f-fafe-4d6c-b4eb-254384d39774', '29a4b67a-786e-48df-85aa-849168cea4be', 0.08, 1.17),
  ('51911fcc-b2f5-4dd7-bd9c-0db0b5ff257b', '85f6a46f-fafe-4d6c-b4eb-254384d39774', '7ead0217-a4ea-48e3-9daf-6f9f87c000e1', 0.2, 1.0),
  ('7a873cca-93f7-4764-80c8-f816b1929c3e', '85f6a46f-fafe-4d6c-b4eb-254384d39774', '8759053b-3d80-453f-8679-7c1cd9c1467b', 0.0, 1.0),
  ('af294624-9db2-47c0-b27d-c62c84d74d68', '07618e4e-33a0-4774-a1ca-3943d2481db2', 'b4952d1f-c898-4ede-9a4f-9aa3a2cfbfa4', 1.0, 1.0),
  ('1e6db691-d677-4c9a-b005-a70338105a19', '07618e4e-33a0-4774-a1ca-3943d2481db2', '04664876-e812-433c-b46e-b8e96c97e179', 0.15, 1.0),
  ('c5deb6ab-7d22-4560-80f2-fb1712eebce9', '07618e4e-33a0-4774-a1ca-3943d2481db2', '8ce9f368-9dbf-4eac-9238-1901d5d3c1de', 0.03, 1.0),
  ('8ddab95f-3d97-4983-a44a-78e438b46f01', '07618e4e-33a0-4774-a1ca-3943d2481db2', '0cd7d9de-c41e-4a88-9a26-d50291c77796', 0.015, 1.0),
  ('da8b338b-86ef-4f3c-99ff-58f7a0f7531e', '07618e4e-33a0-4774-a1ca-3943d2481db2', '32d93493-84e8-4707-8d25-7042649d6250', 1.0, 1.0),
  ('b2bc7e7f-57fa-44a8-b391-d0ee63516ffd', '07618e4e-33a0-4774-a1ca-3943d2481db2', '82c01887-1bc9-412b-99b6-f7cb17999f05', 0.04, 1.0),
  ('8f8a802d-ffa5-44e0-bc9c-37cedbe9e225', '07618e4e-33a0-4774-a1ca-3943d2481db2', 'b21565e3-be50-4787-ba8c-74988d3d658e', 0.03, 1.0),
  ('e00ae006-f72d-4e2b-a2c3-f7ab48a1eb39', '07618e4e-33a0-4774-a1ca-3943d2481db2', '7ead0217-a4ea-48e3-9daf-6f9f87c000e1', 0.2, 1.0),
  ('03d28ed7-f81e-4458-af84-fcd91a6c4d8b', '07618e4e-33a0-4774-a1ca-3943d2481db2', '8759053b-3d80-453f-8679-7c1cd9c1467b', 0.0, 1.0),
  ('a85842a2-fc76-46d4-800a-2c7ad0c6b8bd', 'b59a2b24-4389-47fe-9a7f-b0d18cc12870', 'b4952d1f-c898-4ede-9a4f-9aa3a2cfbfa4', 1.0, 1.0),
  ('f2bd4ca4-e0c2-496b-b1d9-d4462176ed81', 'b59a2b24-4389-47fe-9a7f-b0d18cc12870', '04664876-e812-433c-b46e-b8e96c97e179', 0.15, 1.0),
  ('1af0c65c-53c5-46c8-853a-bebed8906c85', 'b59a2b24-4389-47fe-9a7f-b0d18cc12870', '8ce9f368-9dbf-4eac-9238-1901d5d3c1de', 0.03, 1.0),
  ('82d2297a-b212-4ca8-97cf-ee5b3b8c122c', 'b59a2b24-4389-47fe-9a7f-b0d18cc12870', '55bd0ab8-f61c-476e-9696-117809672fd9', 0.02, 1.2),
  ('fe179cb1-2b9d-45d5-ab76-fbf795c2479e', 'b59a2b24-4389-47fe-9a7f-b0d18cc12870', 'de75e06c-06cc-4772-9dff-245516b880b0', 0.04, 1.0),
  ('3dbe5ac1-1cb2-4ae2-abf2-ebcdeefdec48', 'b59a2b24-4389-47fe-9a7f-b0d18cc12870', '4f4af524-c985-4a0c-897f-ca178ba705c6', 0.05, 1.0),
  ('863e2ede-6a99-4b92-9fa8-a34cdfec96a3', 'b59a2b24-4389-47fe-9a7f-b0d18cc12870', '92cf3916-4ea9-49f6-858b-585869767afe', 1.0, 1.0),
  ('bc1ee9ae-0744-4a94-b1cb-925372401e1d', 'b59a2b24-4389-47fe-9a7f-b0d18cc12870', '7ead0217-a4ea-48e3-9daf-6f9f87c000e1', 0.2, 1.0),
  ('972275c6-e504-4c05-b41c-b16d8e654d7e', 'b59a2b24-4389-47fe-9a7f-b0d18cc12870', '8759053b-3d80-453f-8679-7c1cd9c1467b', 0.0, 1.0),
  ('f6d0b9d9-d66b-4126-aeff-475e92d6383f', 'e77da177-e975-43bd-b342-29100e12cd9d', 'b4952d1f-c898-4ede-9a4f-9aa3a2cfbfa4', 1.0, 1.0),
  ('3082fbb6-c29b-45cf-936c-baf63637d42f', 'e77da177-e975-43bd-b342-29100e12cd9d', '04664876-e812-433c-b46e-b8e96c97e179', 0.15, 1.0),
  ('e71a1503-ac58-41db-8868-9179d35d56fe', 'e77da177-e975-43bd-b342-29100e12cd9d', 'b21565e3-be50-4787-ba8c-74988d3d658e', 0.02, 1.0),
  ('85b4ea0a-d17c-4bec-a427-b5425eb40286', 'e77da177-e975-43bd-b342-29100e12cd9d', '0e9bd3c7-838b-4b82-831e-0ad40c5b96be', 0.35, 1.0),
  ('57ebe2e7-3715-427f-80bb-97a7d912b338', 'e77da177-e975-43bd-b342-29100e12cd9d', '32d93493-84e8-4707-8d25-7042649d6250', 2.0, 1.0),
  ('475f4462-d7ef-483e-bd5f-e84750a699dd', 'e77da177-e975-43bd-b342-29100e12cd9d', '7ead0217-a4ea-48e3-9daf-6f9f87c000e1', 0.2, 1.0),
  ('dee60b0a-62a3-4179-b6d5-25e1f7238719', 'fd627577-51a8-4923-827d-70ee7f94fe2d', 'b7dfd408-7310-44fe-bf35-f6a3e2c24dc6', 0.1, 1.0),
  ('eff1091d-4bf8-4278-a5cd-2f33637f25ae', 'fd627577-51a8-4923-827d-70ee7f94fe2d', '29a4b67a-786e-48df-85aa-849168cea4be', 0.05, 1.17),
  ('0c0bf9e6-cbac-4091-8031-a584bf14d8ae', 'fd627577-51a8-4923-827d-70ee7f94fe2d', 'd60436a6-6e0c-4ae1-b829-20dc1478f01b', 0.005, 1.0),
  ('9af11b97-75d4-47b1-b0ec-1baa7a9d2b0f', 'fd627577-51a8-4923-827d-70ee7f94fe2d', 'c6642b11-96ce-4d32-814f-79369fb487a1', 0.003, 1.0),
  ('d62b5cda-73c9-48de-8022-e2b2a6941254', 'fd627577-51a8-4923-827d-70ee7f94fe2d', '8ce9f368-9dbf-4eac-9238-1901d5d3c1de', 0.05, 1.1),
  ('8b8846a1-836c-442e-bc3d-74ca1250dc47', 'fd627577-51a8-4923-827d-70ee7f94fe2d', '05190a37-991e-4771-8595-ecc416992cab', 0.003, 8.0),
  ('f7045e1e-db6d-46b9-ad74-dd436a8c4e90', 'fd627577-51a8-4923-827d-70ee7f94fe2d', 'da3a9767-260a-4f98-ae5d-47abf83b1659', 0.003, 1.0),
  ('c2e80890-9a90-4d88-bc44-b85b7a64d9b4', 'fd627577-51a8-4923-827d-70ee7f94fe2d', 'dd9c289f-bdb5-4f14-962d-b8666811c695', 0.003, 1.0),
  ('e2c6f8fa-85d3-44ef-8083-cb756779f7ea', 'd9201db0-c55b-428a-90b1-3001a58d6610', 'b4952d1f-c898-4ede-9a4f-9aa3a2cfbfa4', 1.0, 1.0),
  ('434792f6-2a2f-43c8-bbab-6d70cabe98b2', 'd9201db0-c55b-428a-90b1-3001a58d6610', 'ed3dc0cb-e12d-4b96-826d-9a035850aa2a', 0.15, 1.08),
  ('a501ef7b-bef6-4c53-a4e4-b61050cd57bb', 'd9201db0-c55b-428a-90b1-3001a58d6610', 'a846d67b-2602-4b47-bb10-64f91d839b4d', 0.1, 1.2),
  ('ff852f54-a695-413c-b717-c0546bcf9f41', 'd9201db0-c55b-428a-90b1-3001a58d6610', '55bd0ab8-f61c-476e-9696-117809672fd9', 0.05, 1.2),
  ('07223305-1b7c-4569-8cf7-09006a34a131', 'd9201db0-c55b-428a-90b1-3001a58d6610', '70eee541-d7a2-4c38-bd31-d5158ef72202', 0.03, 1.0),
  ('82c0a1cf-4a5a-43f3-bf8c-4fce6838b19c', 'd9201db0-c55b-428a-90b1-3001a58d6610', '4f4af524-c985-4a0c-897f-ca178ba705c6', 0.05, 1.0),
  ('55ff2148-f170-48c2-a1b4-a5f361475f5b', 'd9201db0-c55b-428a-90b1-3001a58d6610', '92cf3916-4ea9-49f6-858b-585869767afe', 2.0, 1.0),
  ('64987c32-206d-4fc6-97d3-7cbbf715f144', 'd9201db0-c55b-428a-90b1-3001a58d6610', '8759053b-3d80-453f-8679-7c1cd9c1467b', 0.0, 1.0),
  ('803f9852-e781-4c81-8745-600f644736f6', 'd9201db0-c55b-428a-90b1-3001a58d6610', '7ead0217-a4ea-48e3-9daf-6f9f87c000e1', 0.2, 1.0),
  ('71a52087-4537-42da-86b9-88ce958bede9', 'd9201db0-c55b-428a-90b1-3001a58d6610', '8ce9f368-9dbf-4eac-9238-1901d5d3c1de', 0.1, 1.05),
  ('a6c6c29f-3e18-45e2-94fb-f4a13e6a4e9a', 'e88d775c-a0f2-4529-87ba-807393f3efb7', 'b4952d1f-c898-4ede-9a4f-9aa3a2cfbfa4', 1.0, 1.0),
  ('cada1505-ac61-4c48-9b83-2b8fa5e422cc', 'e88d775c-a0f2-4529-87ba-807393f3efb7', 'ed3dc0cb-e12d-4b96-826d-9a035850aa2a', 0.15, 1.08),
  ('ddbd100e-56f1-420f-9072-90107cadcd3c', 'e88d775c-a0f2-4529-87ba-807393f3efb7', 'de75e06c-06cc-4772-9dff-245516b880b0', 0.08, 1.0),
  ('10aa9d9b-8aa3-4852-8907-049d936de2d8', 'e88d775c-a0f2-4529-87ba-807393f3efb7', '55bd0ab8-f61c-476e-9696-117809672fd9', 0.05, 1.2),
  ('b0182647-3bda-4d28-ab4c-c02144224386', 'e88d775c-a0f2-4529-87ba-807393f3efb7', '4f4af524-c985-4a0c-897f-ca178ba705c6', 0.05, 1.0),
  ('d3642f45-df31-4a85-9dad-4efc2e17cfb1', 'e88d775c-a0f2-4529-87ba-807393f3efb7', '8759053b-3d80-453f-8679-7c1cd9c1467b', 0.0, 1.0),
  ('b4b73982-272c-480d-aff1-d458bddc23f4', 'e88d775c-a0f2-4529-87ba-807393f3efb7', '7ead0217-a4ea-48e3-9daf-6f9f87c000e1', 0.2, 1.0),
  ('dfb40cdb-a76d-456e-9197-8ea366b9c026', 'e88d775c-a0f2-4529-87ba-807393f3efb7', '8ce9f368-9dbf-4eac-9238-1901d5d3c1de', 0.1, 1.05),
  ('f73a6c57-aa93-4140-88e3-b8811683e5ea', '12b5b468-7f21-431f-bae2-b603083cff84', 'b4952d1f-c898-4ede-9a4f-9aa3a2cfbfa4', 1.0, 1.0),
  ('817c5f4c-e08f-44a1-8d4e-8ffba62d5f1c', '12b5b468-7f21-431f-bae2-b603083cff84', 'ed3dc0cb-e12d-4b96-826d-9a035850aa2a', 0.3, 1.08),
  ('e3a07b25-1ad9-4265-b2ec-18b78dca9d1f', '12b5b468-7f21-431f-bae2-b603083cff84', 'de75e06c-06cc-4772-9dff-245516b880b0', 0.12, 1.0),
  ('738be5b0-8121-4a95-8416-2aeea8bced79', '12b5b468-7f21-431f-bae2-b603083cff84', 'a846d67b-2602-4b47-bb10-64f91d839b4d', 0.08, 1.2),
  ('e3eccf1d-bb68-46b7-bd91-27dde08810df', '12b5b468-7f21-431f-bae2-b603083cff84', '55bd0ab8-f61c-476e-9696-117809672fd9', 0.05, 1.2),
  ('d5b469f8-f9a0-41fb-a89e-fc435d57afba', '12b5b468-7f21-431f-bae2-b603083cff84', '4f4af524-c985-4a0c-897f-ca178ba705c6', 0.1, 1.0),
  ('a1f38697-7f4f-45e8-a726-0e4b6f97fb78', '12b5b468-7f21-431f-bae2-b603083cff84', '8759053b-3d80-453f-8679-7c1cd9c1467b', 0.0, 1.0),
  ('15eec4d9-8847-4316-b83d-50c808259747', '12b5b468-7f21-431f-bae2-b603083cff84', '7ead0217-a4ea-48e3-9daf-6f9f87c000e1', 0.2, 1.0),
  ('a056f45e-a1c0-4cfc-94eb-df17024c870d', '12b5b468-7f21-431f-bae2-b603083cff84', '8ce9f368-9dbf-4eac-9238-1901d5d3c1de', 0.1, 1.05),
  ('b1e1ea2a-2482-444f-af59-bfe021ddb4e2', 'a483ceb8-3377-4298-be7c-baa7e841c845', 'd82020d6-4fb2-4041-9976-215dbedef0c2', 0.05, 1.0),
  ('8b0cee18-279b-4cc1-8efd-9ce4abd639d1', 'a483ceb8-3377-4298-be7c-baa7e841c845', '66048b15-3bc2-4f7b-81f9-7547754998e8', 0.25, 1.35),
  ('79b79896-50c1-4210-851c-883c1ca8ba05', 'a483ceb8-3377-4298-be7c-baa7e841c845', 'c5183036-632d-41d6-827d-d07e2576fa92', 1.5, 1.88),
  ('682aca15-415e-4462-90b6-33ec83efe229', 'a483ceb8-3377-4298-be7c-baa7e841c845', '29a4b67a-786e-48df-85aa-849168cea4be', 1.0, 1.17),
  ('92527206-c908-494e-8bad-eafa38b95805', 'a483ceb8-3377-4298-be7c-baa7e841c845', '0568a143-aa87-4f3b-a635-3416a4348ddb', 0.1, 1.8),
  ('219ea021-4826-4ddd-bb64-f8a7684222fd', 'a483ceb8-3377-4298-be7c-baa7e841c845', 'c6642b11-96ce-4d32-814f-79369fb487a1', 0.015, 1.0),
  ('3621db5f-c3bf-41ea-ba88-d213646c07c1', 'a483ceb8-3377-4298-be7c-baa7e841c845', 'a4638a82-c1d6-4e7e-83e6-1bbc38d26253', 0.04, 1.33),
  ('3a932aa7-bed3-48df-86ba-da4bb05b9743', 'a483ceb8-3377-4298-be7c-baa7e841c845', 'dd9c289f-bdb5-4f14-962d-b8666811c695', 0.01, 1.0),
  ('3e31ad0a-7daf-4421-ae17-f5c29ee12504', 'a483ceb8-3377-4298-be7c-baa7e841c845', '92cf3916-4ea9-49f6-858b-585869767afe', 1.2, 1.0),
  ('830eaa3b-63b1-43c1-b04f-4619e85ab039', 'a483ceb8-3377-4298-be7c-baa7e841c845', '1009c07e-d13b-4d5f-bc7d-307222ff5b4c', 0.2, 1.0),
  ('5a397fa0-b3e3-4d2e-a10f-5116540ce5c7', 'e29b3e7f-9a2e-4839-9685-30cf336cc227', 'd82020d6-4fb2-4041-9976-215dbedef0c2', 0.15, 1.0),
  ('154ccbf8-289f-4dbc-9ed6-512ca9c8c028', 'e29b3e7f-9a2e-4839-9685-30cf336cc227', 'b7dfd408-7310-44fe-bf35-f6a3e2c24dc6', 5.0, 1.0),
  ('a76046b3-cc88-4f18-9e43-9038beaedb36', 'e29b3e7f-9a2e-4839-9685-30cf336cc227', '29a4b67a-786e-48df-85aa-849168cea4be', 3.5, 1.17),
  ('1713e175-dd51-432d-b8ad-bdea446e1036', 'e29b3e7f-9a2e-4839-9685-30cf336cc227', 'd60436a6-6e0c-4ae1-b829-20dc1478f01b', 0.12, 1.08),
  ('e775b66a-6746-473d-9d86-6334ed3b1c8c', 'e29b3e7f-9a2e-4839-9685-30cf336cc227', 'dd9c289f-bdb5-4f14-962d-b8666811c695', 0.02, 1.0),
  ('8911e567-d8c5-4c1f-897e-c62094cc0876', 'e29b3e7f-9a2e-4839-9685-30cf336cc227', '84e0367a-d4cf-40a7-bb0c-02aa9d2004bb', 0.05, 1.0),
  ('3faf93c7-80b0-475b-b2d9-9c78a04e012c', 'e29b3e7f-9a2e-4839-9685-30cf336cc227', 'da3a9767-260a-4f98-ae5d-47abf83b1659', 0.02, 1.0),
  ('3bac2017-a2d0-4580-87c6-9d7d813bf38f', 'e29b3e7f-9a2e-4839-9685-30cf336cc227', '92cf3916-4ea9-49f6-858b-585869767afe', 2.7, 1.0),
  ('bcf15870-7899-49c9-a222-53d276bd3395', 'e29b3e7f-9a2e-4839-9685-30cf336cc227', '1009c07e-d13b-4d5f-bc7d-307222ff5b4c', 0.2, 1.0),
  ('1167f79c-efe9-46ca-b8d9-7562ec8dd02c', '25b0b173-1724-48ee-ad42-ac83384ade44', 'd82020d6-4fb2-4041-9976-215dbedef0c2', 0.05, 1.0),
  ('0f1aa75e-790d-4334-9d20-14f08bf9989d', '25b0b173-1724-48ee-ad42-ac83384ade44', 'b7dfd408-7310-44fe-bf35-f6a3e2c24dc6', 1.5, 1.0),
  ('8a662ee4-a65a-491f-aec9-26d3ec589f97', '25b0b173-1724-48ee-ad42-ac83384ade44', '29a4b67a-786e-48df-85aa-849168cea4be', 1.2, 1.17),
  ('7cffd773-ba36-48d5-9bdb-ddf7b04318a9', '25b0b173-1724-48ee-ad42-ac83384ade44', 'd60436a6-6e0c-4ae1-b829-20dc1478f01b', 0.1, 1.21),
  ('d5d8bcc6-af5b-4df2-a7fc-881793264dad', '25b0b173-1724-48ee-ad42-ac83384ade44', 'c6642b11-96ce-4d32-814f-79369fb487a1', 0.04, 1.0),
  ('c2c82ab7-573e-4180-a481-12a99812d4b3', '25b0b173-1724-48ee-ad42-ac83384ade44', '8ce9f368-9dbf-4eac-9238-1901d5d3c1de', 1.2, 1.1),
  ('e82c62c1-0d7c-467f-a095-2acb0578caff', '25b0b173-1724-48ee-ad42-ac83384ade44', '05190a37-991e-4771-8595-ecc416992cab', 0.15, 8.0),
  ('15d7b8b9-8078-4572-b205-371c3a03018c', '25b0b173-1724-48ee-ad42-ac83384ade44', 'fbe2e330-ee5d-4765-9891-30e38929c9b8', 0.01, 1.0),
  ('f9291e78-965b-4567-a386-1e7c96148766', '9f68d5b8-56c4-4ebc-adc7-c06884348b15', '04d7328d-1ea6-4911-a155-9dcc93803266', 0.05, 1.0),
  ('b9011030-1921-41a1-b859-7fc4289f5afb', '9f68d5b8-56c4-4ebc-adc7-c06884348b15', '3487d9eb-4eb2-4ffa-a413-a55c17d42e11', 0.015, 1.0),
  ('908e2014-a472-45ab-a593-e0817990b3f0', '9f68d5b8-56c4-4ebc-adc7-c06884348b15', '78e0af67-2304-456f-bd67-b480b8511ea1', 0.015, 1.0),
  ('e930b96a-38a5-47b8-88a7-825836414b21', '2ea1d7cd-8b62-45fe-94fd-a1458a186bd0', '04d7328d-1ea6-4911-a155-9dcc93803266', 0.045, 1.0),
  ('3f9ebe66-6598-484c-9c07-8d3c201bf841', '2ea1d7cd-8b62-45fe-94fd-a1458a186bd0', '8ce9f368-9dbf-4eac-9238-1901d5d3c1de', 0.025, 1.0),
  ('b004beb1-fc0a-4aa9-b805-4187f12729e3', '2ea1d7cd-8b62-45fe-94fd-a1458a186bd0', 'c1f67eca-647c-44fe-b515-60bb09f993d9', 0.008, 1.0),
  ('c8cc6f52-620a-4c11-962c-8703893cb788', '39e221ab-3cb9-4449-aee6-f4ba301c70f9', '04d7328d-1ea6-4911-a155-9dcc93803266', 0.05, 1.0),
  ('4ba5d239-9677-4db5-b4c4-f688cff22e10', '39e221ab-3cb9-4449-aee6-f4ba301c70f9', 'de75e06c-06cc-4772-9dff-245516b880b0', 0.025, 1.0),
  ('17e9a0fd-18e6-4d8a-a64f-e28f4dc8cb1b', '7fba3395-be86-4572-b95d-92b14c124cbd', '2e0e32b1-10da-42a1-8ed8-afe4703aec4d', 0.13, 1.0),
  ('1d87014b-a18e-4a34-8510-cc8b62ebaa7a', '7fba3395-be86-4572-b95d-92b14c124cbd', 'd82020d6-4fb2-4041-9976-215dbedef0c2', 0.05, 1.0),
  ('7a090098-025d-453d-ac32-17a155ac78d5', '7fba3395-be86-4572-b95d-92b14c124cbd', '48dcb979-bda2-4d29-8062-a9872b75c42d', 0.2, 1.0),
  ('5f7a5c09-6097-4340-8724-f2275f8091da', '7fba3395-be86-4572-b95d-92b14c124cbd', 'b7dfd408-7310-44fe-bf35-f6a3e2c24dc6', 1.5, 1.0),
  ('a4e563ae-e8d4-4956-b576-59fcd40e23a4', '7fba3395-be86-4572-b95d-92b14c124cbd', '29a4b67a-786e-48df-85aa-849168cea4be', 0.75, 1.13),
  ('2053aebc-a44c-4c11-9ea8-aafadd6194eb', '7fba3395-be86-4572-b95d-92b14c124cbd', 'dd9c289f-bdb5-4f14-962d-b8666811c695', 0.01, 1.0),
  ('3ffa50a2-126e-4d03-be15-ea7c9c95f09a', '7fba3395-be86-4572-b95d-92b14c124cbd', 'c6642b11-96ce-4d32-814f-79369fb487a1', 0.04, 1.0),
  ('749599fb-f22f-4c39-815c-e9f3b9dba7f8', '7fba3395-be86-4572-b95d-92b14c124cbd', '70eee541-d7a2-4c38-bd31-d5158ef72202', 0.01, 1.0),
  ('aac58eb4-206c-44fe-bb28-80172b621185', '7fba3395-be86-4572-b95d-92b14c124cbd', '54ff4de6-194f-4ec0-879e-48d7db268511', 0.5, 1.0),
  ('40fd4fe4-db00-4956-8778-9759b4bdcf04', '7fba3395-be86-4572-b95d-92b14c124cbd', 'f60d16d7-50ff-41a8-8779-6cc73c348324', 0.08, 1.0),
  ('4c4f9548-8243-4007-9d41-43cdab65478b', '7fba3395-be86-4572-b95d-92b14c124cbd', '1009c07e-d13b-4d5f-bc7d-307222ff5b4c', 0.3, 1.0),
  ('3a01981e-5a33-4884-b423-a15d06d73a47', 'b2c5d7f7-c3ed-4bae-a276-79bc55ed09d1', '87a8df5e-6157-4a26-982d-265ae0792474', 0.02, 1.0),
  ('c5bdde94-5a41-4e1e-b0aa-28e47fa50786', 'b2c5d7f7-c3ed-4bae-a276-79bc55ed09d1', '04d7328d-1ea6-4911-a155-9dcc93803266', 0.04, 1.0),
  ('9abfa9bb-9bfa-488c-8e88-f290c41f5fea', 'b2c5d7f7-c3ed-4bae-a276-79bc55ed09d1', '9495e591-f432-4710-b7f8-6b68c00dc730', 0.015, 1.0),
  ('382fc38c-962c-4a1d-94b2-f9020273c22d', '326be92c-9497-4c59-9f40-1db19a26eba0', 'b92f2857-691e-4391-89eb-3cb9519a2ac2', 0.01, 1.0),
  ('dabba94e-df6c-43a3-a7db-c2b1f511ffe2', '326be92c-9497-4c59-9f40-1db19a26eba0', '04d7328d-1ea6-4911-a155-9dcc93803266', 0.06, 1.0),
  ('b78dfa14-45fb-4248-bc90-5711d3df1333', 'b97ebbb4-bd0c-4bc7-82aa-7e9636e2caf9', '04d7328d-1ea6-4911-a155-9dcc93803266', 0.2, 1.0),
  ('0f224843-ee8c-432f-bf9d-701b2694d264', 'b97ebbb4-bd0c-4bc7-82aa-7e9636e2caf9', '5adb0a53-1435-4b36-a97f-81cabeb03993', 0.02, 1.0),
  ('37780495-196b-4b05-af31-10a39987fcab', 'b97ebbb4-bd0c-4bc7-82aa-7e9636e2caf9', 'e1c6e52b-e9af-4ad6-bf50-bfbe733e01d4', 0.02, 1.0),
  ('83e40aa5-3a2e-4bb4-beb4-fc659a38a959', 'b97ebbb4-bd0c-4bc7-82aa-7e9636e2caf9', 'bff68af2-68d0-43cc-b936-c6d3cd9cf642', 0.008, 3.0),
  ('8c7e9853-86e1-4306-8d28-d133adfcf9b9', '700345d7-9e61-4dc1-942f-2560e408f19d', '04d7328d-1ea6-4911-a155-9dcc93803266', 0.2, 1.0),
  ('d4454e9a-3956-4c1f-a671-7eb39c33df50', '700345d7-9e61-4dc1-942f-2560e408f19d', '5adb0a53-1435-4b36-a97f-81cabeb03993', 0.02, 1.0),
  ('560730f9-fea9-4bd8-a730-288af031d164', '700345d7-9e61-4dc1-942f-2560e408f19d', 'e1c6e52b-e9af-4ad6-bf50-bfbe733e01d4', 0.02, 1.0),
  ('538ee691-6853-4be0-b9b2-3ecde942e792', '700345d7-9e61-4dc1-942f-2560e408f19d', '8550d147-a9b7-475b-b967-c52b26b1a7af', 0.1, 1.0),
  ('6322818c-8424-46c7-94e2-b2f6691b9519', '700345d7-9e61-4dc1-942f-2560e408f19d', 'c1f67eca-647c-44fe-b515-60bb09f993d9', 0.0, 1.0),
  ('028b976a-bae6-4fa2-90bb-8b2cbacd39ac', '60885b0e-e833-4fd3-8c2c-28b458915e22', 'f8ee2f41-204e-4734-8b4e-ddd211aa3fb9', 0.003, 1.0),
  ('57ebe052-98d8-45ee-9972-b88ba3ea6c8c', '60885b0e-e833-4fd3-8c2c-28b458915e22', 'a4638a82-c1d6-4e7e-83e6-1bbc38d26253', 0.015, 1.33),
  ('d4bb41f5-066e-43df-96fc-32fd16a37b26', '60885b0e-e833-4fd3-8c2c-28b458915e22', 'e1c6e52b-e9af-4ad6-bf50-bfbe733e01d4', 0.02, 1.0),
  ('c258db7f-ef0a-4943-ae22-3661e7dc5b37', '60885b0e-e833-4fd3-8c2c-28b458915e22', '7727a0d6-d9ec-4fa1-bc7a-ae20d59443fd', 8.0, 1.0),
  ('0d8e74ec-3ff8-4da5-9eaf-b523e66fd41e', '2c33cf20-9cf1-431b-ae1b-7949f678d3c3', '04d7328d-1ea6-4911-a155-9dcc93803266', 0.2, 1.0),
  ('000040ef-f268-43d6-a007-bd4ab18f1b25', '2c33cf20-9cf1-431b-ae1b-7949f678d3c3', 'b21565e3-be50-4787-ba8c-74988d3d658e', 0.1, 1.1),
  ('5383dff0-e0ef-43e9-94e9-8c2e896ef2f3', '2c33cf20-9cf1-431b-ae1b-7949f678d3c3', '92cf3916-4ea9-49f6-858b-585869767afe', 1.0, 1.0),
  ('3ba5dc12-90c8-487c-9be2-6daa135e18de', '2c33cf20-9cf1-431b-ae1b-7949f678d3c3', '1009c07e-d13b-4d5f-bc7d-307222ff5b4c', 0.67, 1.0),
  ('656d4849-0d21-4e8b-a8d4-1949ae8e1dc7', '29b4fe78-9877-411e-ab9c-5cac391006b6', '04d7328d-1ea6-4911-a155-9dcc93803266', 0.2, 1.0),
  ('28b9398c-99c9-4343-9096-0f0dc3242a7d', '29b4fe78-9877-411e-ab9c-5cac391006b6', '5adb0a53-1435-4b36-a97f-81cabeb03993', 0.02, 1.0),
  ('dab4defc-49bd-47be-82fa-d55f13a62878', '29b4fe78-9877-411e-ab9c-5cac391006b6', 'e1c6e52b-e9af-4ad6-bf50-bfbe733e01d4', 0.025, 1.0),
  ('f7d77ae5-871a-4671-bb89-4bace6491071', '29b4fe78-9877-411e-ab9c-5cac391006b6', 'a4638a82-c1d6-4e7e-83e6-1bbc38d26253', 0.02, 1.33),
  ('da69bb11-55f4-4fc1-a9b0-901715ff7736', '47a64a74-2293-46c2-b33a-c70c50ca026c', '04d7328d-1ea6-4911-a155-9dcc93803266', 0.2, 1.0),
  ('2b7137fe-8e6e-4e29-a673-4bb160976664', '47a64a74-2293-46c2-b33a-c70c50ca026c', 'b92f2857-691e-4391-89eb-3cb9519a2ac2', 0.08, 1.0),
  ('57e091b1-0119-4499-b692-95f52bf08618', '47a64a74-2293-46c2-b33a-c70c50ca026c', '0568a143-aa87-4f3b-a635-3416a4348ddb', 0.11, 2.6),
  ('88b1f1cf-1871-432e-94db-dda757095573', 'ef8a08db-dcc6-4508-8e6b-b01722dc6a86', 'f8ee2f41-204e-4734-8b4e-ddd211aa3fb9', 0.005, 1.0),
  ('49a2f7be-6728-451b-93aa-6d0ae8abc9c2', 'ef8a08db-dcc6-4508-8e6b-b01722dc6a86', 'b9a2eda5-8dee-4943-8f90-22ec561a190d', 0.2, 1.0),
  ('e3365054-0a4a-4e73-9c0d-c44bf2dec429', 'ef8a08db-dcc6-4508-8e6b-b01722dc6a86', '96912a9c-9d09-4d08-8ab5-a98bb1b32daf', 0.045, 1.0),
  ('9f43c1c5-7019-4421-9516-439d33ff9826', '2befae87-0ad4-4a9e-966a-4fea4ccbec69', 'f8ee2f41-204e-4734-8b4e-ddd211aa3fb9', 0.005, 1.0),
  ('581b54d6-04f5-4d57-8c3e-65e843f3cbd3', '2befae87-0ad4-4a9e-966a-4fea4ccbec69', 'b9a2eda5-8dee-4943-8f90-22ec561a190d', 0.4, 1.0),
  ('30290834-4ad0-43da-be0f-5110375e0e78', '2befae87-0ad4-4a9e-966a-4fea4ccbec69', '96912a9c-9d09-4d08-8ab5-a98bb1b32daf', 0.045, 1.0),
  ('d27b5ffa-8597-4e13-9820-43b9b3573b2a', 'f4d061d6-db7a-42ae-bb24-9390146bc657', 'f8ee2f41-204e-4734-8b4e-ddd211aa3fb9', 0.005, 1.0),
  ('14122a1a-8520-4105-94f5-9eb2b3031437', 'f4d061d6-db7a-42ae-bb24-9390146bc657', 'b9a2eda5-8dee-4943-8f90-22ec561a190d', 0.2, 1.0),
  ('24017d05-8429-4257-aa71-710dde9e7fe7', 'f4d061d6-db7a-42ae-bb24-9390146bc657', '96912a9c-9d09-4d08-8ab5-a98bb1b32daf', 0.045, 1.0),
  ('0161ceb0-7ed1-4271-903e-755e5218f2fd', 'f4d061d6-db7a-42ae-bb24-9390146bc657', 'aeb63152-3661-42a9-ae84-28c65b342bcf', 0.1, 1.0),
  ('3475404c-8936-4950-9f3d-b01d308c4a7d', '79dc075f-1a7d-474b-ad01-eabc609c184a', 'f8ee2f41-204e-4734-8b4e-ddd211aa3fb9', 0.005, 1.0),
  ('47c05bba-5aa8-4d9f-b47b-7c0a4c45b24d', '79dc075f-1a7d-474b-ad01-eabc609c184a', 'b9a2eda5-8dee-4943-8f90-22ec561a190d', 0.2, 1.0),
  ('2ed8b0c0-327f-4918-8b85-40624d4e5c94', '79dc075f-1a7d-474b-ad01-eabc609c184a', '96912a9c-9d09-4d08-8ab5-a98bb1b32daf', 0.045, 1.0),
  ('8469e7c7-edfa-4c23-8850-ddf34ac72080', '79dc075f-1a7d-474b-ad01-eabc609c184a', '8ce9f368-9dbf-4eac-9238-1901d5d3c1de', 0.12, 1.08),
  ('6885522d-e4a6-4559-9a9e-d6550dde8d9a', '2d961cef-2a34-4aa0-aedc-fe8ed3e7595d', '92cf3916-4ea9-49f6-858b-585869767afe', 2.0, 1.0),
  ('1350b137-19e1-4d05-992e-4e0918cd8676', '2d961cef-2a34-4aa0-aedc-fe8ed3e7595d', 'f8ee2f41-204e-4734-8b4e-ddd211aa3fb9', 0.005, 1.0),
  ('4897e29d-fe3c-434d-bfd6-8b89a32d3129', '2d961cef-2a34-4aa0-aedc-fe8ed3e7595d', 'b9a2eda5-8dee-4943-8f90-22ec561a190d', 0.2, 1.0),
  ('79d3c306-54a8-487e-8963-f732e1d63fd8', '2d961cef-2a34-4aa0-aedc-fe8ed3e7595d', '96912a9c-9d09-4d08-8ab5-a98bb1b32daf', 0.045, 1.0),
  ('a8184602-ed21-4566-815a-8a86bd1c4705', '5eafc9c6-7e56-494f-9552-74997a274f50', 'f8ee2f41-204e-4734-8b4e-ddd211aa3fb9', 0.005, 1.0),
  ('101ff24f-9279-44ef-bcfa-de52a978156a', '5eafc9c6-7e56-494f-9552-74997a274f50', 'a846d67b-2602-4b47-bb10-64f91d839b4d', 0.04, 1.25),
  ('2931dd47-0615-49a5-9d69-0354720e2231', '5eafc9c6-7e56-494f-9552-74997a274f50', 'b9a2eda5-8dee-4943-8f90-22ec561a190d', 0.2, 1.0),
  ('04f3c65d-6d22-4e14-a0b4-35f2e8a6d9e4', '5eafc9c6-7e56-494f-9552-74997a274f50', '96912a9c-9d09-4d08-8ab5-a98bb1b32daf', 0.045, 1.0),
  ('01010be2-8eb9-4df6-82f9-db03c5c9c520', 'e31efbf2-9013-49ff-8d61-4adeacc14e21', 'f8ee2f41-204e-4734-8b4e-ddd211aa3fb9', 0.005, 1.0),
  ('74c0e756-6f22-49ce-99bc-551e41e4d21c', 'e31efbf2-9013-49ff-8d61-4adeacc14e21', 'b9a2eda5-8dee-4943-8f90-22ec561a190d', 0.2, 1.0),
  ('0346718a-7b70-485e-ae6c-76dc737b4bd5', 'e31efbf2-9013-49ff-8d61-4adeacc14e21', '96912a9c-9d09-4d08-8ab5-a98bb1b32daf', 0.045, 1.0),
  ('d30b2aad-517b-4473-86c7-49da39ed021a', 'e31efbf2-9013-49ff-8d61-4adeacc14e21', 'cf89d67d-856c-432b-99a4-cf93d9b1cdff', 0.025, 1.0),
  ('710e25e6-e313-43e7-abab-ab6d10d59abc', '1efcdac1-d5e6-42af-b459-a457e99018d5', 'b9a2eda5-8dee-4943-8f90-22ec561a190d', 0.2, 1.0),
  ('cf8aaa36-e88a-4ee7-8359-89cf5039bf6c', '1efcdac1-d5e6-42af-b459-a457e99018d5', '96912a9c-9d09-4d08-8ab5-a98bb1b32daf', 0.045, 1.0),
  ('4d32cf97-e415-4d71-beaf-09fb26d9e1ab', '1efcdac1-d5e6-42af-b459-a457e99018d5', '87a8df5e-6157-4a26-982d-265ae0792474', 0.1, 1.0),
  ('b384f98b-38d5-4a2c-b718-d37b8a8914c5', '1efcdac1-d5e6-42af-b459-a457e99018d5', '9495e591-f432-4710-b7f8-6b68c00dc730', 0.03, 1.0),
  ('c898faa6-e80e-4a97-aac3-77047a0c8389', 'b6bda331-7c47-4d5a-b126-6cfb5b0a625b', '733895f1-ed81-4249-b3cd-dc7bcdd9fbec', 0.07, 1.0),
  ('4f23fd35-70b3-4a78-98ea-7031dd49dd36', 'b6bda331-7c47-4d5a-b126-6cfb5b0a625b', 'f8ee2f41-204e-4734-8b4e-ddd211aa3fb9', 0.005, 1.0),
  ('4db3fe8c-ee82-435f-bcd4-7f20f90268b1', 'b6bda331-7c47-4d5a-b126-6cfb5b0a625b', 'b9a2eda5-8dee-4943-8f90-22ec561a190d', 0.2, 1.0),
  ('5f756632-f26d-4151-ae00-4a2602c4f6b8', 'b6bda331-7c47-4d5a-b126-6cfb5b0a625b', '96912a9c-9d09-4d08-8ab5-a98bb1b32daf', 0.045, 1.0),
  ('c64b1fa4-7cf7-49e0-82dd-5250458b4fbf', '0f7ca41f-512e-4989-b417-8840a5c603ae', 'b9a2eda5-8dee-4943-8f90-22ec561a190d', 0.2, 1.0),
  ('514a236e-7389-4f55-b035-242160ff0ebc', '0f7ca41f-512e-4989-b417-8840a5c603ae', '29a4b67a-786e-48df-85aa-849168cea4be', 0.15, 1.17),
  ('ad68f65e-c2f9-45cb-b4c6-64c40f6913e4', '0f7ca41f-512e-4989-b417-8840a5c603ae', 'bc5889a0-975a-4c60-9d04-a189a4aac6fb', 0.15, 1.17),
  ('81edf7c2-79fb-419a-bbc9-91ee1dbf0f65', '0f7ca41f-512e-4989-b417-8840a5c603ae', '1009c07e-d13b-4d5f-bc7d-307222ff5b4c', 0.3, 1.0),
  ('6f7bfbc7-a189-492b-b3a3-32e4b96f481c', '2a280f8c-4bb9-4a00-97ec-bfdb0f8402f9', 'f8ee2f41-204e-4734-8b4e-ddd211aa3fb9', 0.005, 1.0),
  ('9925df13-2814-4c78-b351-421b81407326', '2a280f8c-4bb9-4a00-97ec-bfdb0f8402f9', 'b9a2eda5-8dee-4943-8f90-22ec561a190d', 0.2, 1.0),
  ('5c84a786-15eb-41c2-9938-e33081ac9dca', '2a280f8c-4bb9-4a00-97ec-bfdb0f8402f9', '96912a9c-9d09-4d08-8ab5-a98bb1b32daf', 0.045, 1.0),
  ('51a77b4f-aefd-4874-ab7d-f1f3e4006d6c', '2a280f8c-4bb9-4a00-97ec-bfdb0f8402f9', '8ce9f368-9dbf-4eac-9238-1901d5d3c1de', 0.12, 1.0),
  ('26c2fbfa-e6ec-4806-9312-4fa84d79c5df', '2a280f8c-4bb9-4a00-97ec-bfdb0f8402f9', 'aeb63152-3661-42a9-ae84-28c65b342bcf', 0.1, 1.0),
  ('634378c6-df66-4d47-9009-fce5af2a557d', '2a280f8c-4bb9-4a00-97ec-bfdb0f8402f9', '92cf3916-4ea9-49f6-858b-585869767afe', 1.0, 1.0),
  ('6ad10bcf-ca15-4e9f-b776-6bf9e78a769a', '5ce71285-462c-4720-8310-8b2b2bd5d235', 'f8ee2f41-204e-4734-8b4e-ddd211aa3fb9', 0.005, 1.0),
  ('17262469-c057-40cd-b196-d977c8c764c6', '5ce71285-462c-4720-8310-8b2b2bd5d235', 'c1f67eca-647c-44fe-b515-60bb09f993d9', 0.03, 1.0),
  ('6b29f633-3f66-4917-ac98-688686c4dcd1', '5ce71285-462c-4720-8310-8b2b2bd5d235', 'b9a2eda5-8dee-4943-8f90-22ec561a190d', 0.2, 1.0),
  ('3d5a4003-7b73-41c6-8527-7de7cb56d34a', '5ce71285-462c-4720-8310-8b2b2bd5d235', '96912a9c-9d09-4d08-8ab5-a98bb1b32daf', 0.045, 1.0),
  ('71303693-e5a2-4781-99e5-83413a56593d', '5ce71285-462c-4720-8310-8b2b2bd5d235', '8ce9f368-9dbf-4eac-9238-1901d5d3c1de', 0.15, 1.08),
  ('9508714e-0f49-451d-b64a-7fd84fd578ca', '49e418ba-8944-4b19-9328-d6b4635717dd', 'a846d67b-2602-4b47-bb10-64f91d839b4d', 0.1, 1.25),
  ('53ffced0-b58e-40ff-be63-53d03722310f', '49e418ba-8944-4b19-9328-d6b4635717dd', '29a4b67a-786e-48df-85aa-849168cea4be', 0.15, 1.17),
  ('a1931d3f-7e2c-408e-8238-b0d452c12700', '49e418ba-8944-4b19-9328-d6b4635717dd', 'f8ee2f41-204e-4734-8b4e-ddd211aa3fb9', 0.005, 1.0),
  ('b9bb94a8-eb52-48de-a33c-697cae597eb9', '49e418ba-8944-4b19-9328-d6b4635717dd', 'b9a2eda5-8dee-4943-8f90-22ec561a190d', 0.2, 1.0),
  ('7fc83198-2016-4acf-80fe-16ebee242bad', '49e418ba-8944-4b19-9328-d6b4635717dd', '96912a9c-9d09-4d08-8ab5-a98bb1b32daf', 0.045, 1.0),
  ('4f3754b4-f1a8-47bb-9c29-37c8761eb5b9', 'c20c3e99-a2f4-44e5-862a-2e372866b142', 'f8ee2f41-204e-4734-8b4e-ddd211aa3fb9', 0.005, 1.0),
  ('4b16e6dd-fe9a-41db-9ec1-ec9f5f0ce6fb', 'c20c3e99-a2f4-44e5-862a-2e372866b142', 'b9a2eda5-8dee-4943-8f90-22ec561a190d', 0.2, 1.0),
  ('b4000a15-bf74-4b19-a2d1-11fbdc971338', 'c20c3e99-a2f4-44e5-862a-2e372866b142', '96912a9c-9d09-4d08-8ab5-a98bb1b32daf', 0.045, 1.0),
  ('55fc6186-56e3-4aa0-8c80-5323987e6cc3', 'c20c3e99-a2f4-44e5-862a-2e372866b142', 'b92f2857-691e-4391-89eb-3cb9519a2ac2', 0.04, 1.0),
  ('2b09e824-a088-47c4-a882-0b487bd4796b', 'c9d08417-9018-4965-bd0a-ca7c82579e4e', 'f8ee2f41-204e-4734-8b4e-ddd211aa3fb9', 0.005, 1.0),
  ('7fe58a0f-77eb-47ca-a089-44712043c326', 'c9d08417-9018-4965-bd0a-ca7c82579e4e', 'b9a2eda5-8dee-4943-8f90-22ec561a190d', 0.2, 1.0),
  ('ebf0f512-199c-4186-af77-bd576f705288', 'c9d08417-9018-4965-bd0a-ca7c82579e4e', '96912a9c-9d09-4d08-8ab5-a98bb1b32daf', 0.045, 1.0),
  ('4ce1989f-b45e-4cfd-9e1a-b670e694f095', 'c9d08417-9018-4965-bd0a-ca7c82579e4e', '92059101-f443-43a5-8216-c02bf299f881', 0.5, 1.0),
  ('87a54a86-8b03-4f91-bee9-8bd724372259', 'dcb4dd3b-eb80-4456-a52c-18d53747246b', 'f8ee2f41-204e-4734-8b4e-ddd211aa3fb9', 0.005, 1.0),
  ('cb048921-6283-4cbe-b3fa-6f4ec1728833', 'dcb4dd3b-eb80-4456-a52c-18d53747246b', 'b9a2eda5-8dee-4943-8f90-22ec561a190d', 0.2, 1.0),
  ('c8dcae12-8f4b-48ee-8cc1-4f08fdb590d2', 'dcb4dd3b-eb80-4456-a52c-18d53747246b', '96912a9c-9d09-4d08-8ab5-a98bb1b32daf', 0.045, 1.0),
  ('eefa6bdf-8669-4ba8-86e4-a278ce34572e', 'dcb4dd3b-eb80-4456-a52c-18d53747246b', 'ee23ec2d-8d43-4217-a9fb-a1a099714a57', 0.15, 1.0),
  ('7431212a-0919-47d8-9e1c-7f89258a9463', '8ba78d4c-11f9-4380-b90e-20ccf530d5dc', 'b4952d1f-c898-4ede-9a4f-9aa3a2cfbfa4', 1.0, 1.0),
  ('8a5422ad-2ee3-4d54-a518-731916991e16', '8ba78d4c-11f9-4380-b90e-20ccf530d5dc', '04664876-e812-433c-b46e-b8e96c97e179', 0.1, 1.0),
  ('4267c462-c91f-400d-8685-10170a4df164', '8ba78d4c-11f9-4380-b90e-20ccf530d5dc', '8ce9f368-9dbf-4eac-9238-1901d5d3c1de', 0.03, 1.0),
  ('5833af06-7082-4452-8df3-d99a17b728b3', '8ba78d4c-11f9-4380-b90e-20ccf530d5dc', '55bd0ab8-f61c-476e-9696-117809672fd9', 0.02, 1.2),
  ('f47b7d86-7cc5-4a82-a2bc-910748a6e493', '8ba78d4c-11f9-4380-b90e-20ccf530d5dc', '7ead0217-a4ea-48e3-9daf-6f9f87c000e1', 0.15, 1.0),
  ('3d412b26-3c62-45e2-bee5-128ab8ad7f34', '8ba78d4c-11f9-4380-b90e-20ccf530d5dc', '8759053b-3d80-453f-8679-7c1cd9c1467b', 0.0, 1.0),
  ('719034cd-45e8-4584-8da7-e373b63b8ccb', '2751930a-2162-4dac-a8fc-008cf28010ee', 'b4952d1f-c898-4ede-9a4f-9aa3a2cfbfa4', 1.0, 1.0),
  ('c3533538-3eeb-49cb-9daa-7bf417f67a40', '2751930a-2162-4dac-a8fc-008cf28010ee', '04664876-e812-433c-b46e-b8e96c97e179', 0.1, 1.0),
  ('4b022a94-ce49-45fa-bab9-7a846012a1a7', '2751930a-2162-4dac-a8fc-008cf28010ee', '8ce9f368-9dbf-4eac-9238-1901d5d3c1de', 0.03, 1.0),
  ('dfeeeff7-20d8-48c2-8c1f-40eac9818663', '2751930a-2162-4dac-a8fc-008cf28010ee', '55bd0ab8-f61c-476e-9696-117809672fd9', 0.02, 1.2),
  ('1b94623f-3c49-4e87-8957-7d02ab9329f8', '2751930a-2162-4dac-a8fc-008cf28010ee', '4f4af524-c985-4a0c-897f-ca178ba705c6', 0.025, 1.0),
  ('8d894411-e566-4555-b80a-a80ff5442acf', '2751930a-2162-4dac-a8fc-008cf28010ee', '92cf3916-4ea9-49f6-858b-585869767afe', 1.0, 1.0),
  ('859932ec-5a7a-4bb9-89f4-ab151199f290', '2751930a-2162-4dac-a8fc-008cf28010ee', '7ead0217-a4ea-48e3-9daf-6f9f87c000e1', 0.15, 1.0),
  ('d6d697be-4cb9-4e5b-8edd-7f7bacfc78ed', '2751930a-2162-4dac-a8fc-008cf28010ee', '8759053b-3d80-453f-8679-7c1cd9c1467b', 0.0, 1.0),
  ('4214dbd2-a7a3-4ade-bbec-c320a30a22e0', '1ad2be46-17f7-467a-aa86-6148462ad5c6', 'f60d16d7-50ff-41a8-8779-6cc73c348324', 1.1, 1.0),
  ('35212225-8b0c-42d7-ac1e-00ee905857d6', '1ad2be46-17f7-467a-aa86-6148462ad5c6', 'd6d25c7d-0888-4e70-a497-40ed21880e3a', 0.015, 1.0),
  ('e7e18778-0f7a-485f-b8e3-bf6cfdf87e63', '1ad2be46-17f7-467a-aa86-6148462ad5c6', '54ff4de6-194f-4ec0-879e-48d7db268511', 0.6, 1.0),
  ('a8e239e6-9eab-43e0-9b37-ff3415e9c616', '1ad2be46-17f7-467a-aa86-6148462ad5c6', '0b982fad-a60e-4bf0-b935-e4bdad52c7c2', 0.025, 1.0),
  ('1de22ef9-3a31-412c-8a03-675247beb8d4', '1ad2be46-17f7-467a-aa86-6148462ad5c6', 'd82020d6-4fb2-4041-9976-215dbedef0c2', 0.025, 1.0),
  ('55ade781-c5b5-4804-97cb-748adfbdeded', '1ad2be46-17f7-467a-aa86-6148462ad5c6', '2e0e32b1-10da-42a1-8ed8-afe4703aec4d', 0.02, 1.0),
  ('3714f9c6-e1e2-4978-ba0e-b97c42bb5e7e', 'e64c2df1-af6a-4c14-b41a-94404d799bbd', 'd6d25c7d-0888-4e70-a497-40ed21880e3a', 0.007, 1.0),
  ('0155fb6a-a216-4760-8101-cb8594c1439b', 'e64c2df1-af6a-4c14-b41a-94404d799bbd', '54ff4de6-194f-4ec0-879e-48d7db268511', 0.25, 1.0),
  ('4dae25d1-c8fb-47db-b585-78ede652095f', 'e64c2df1-af6a-4c14-b41a-94404d799bbd', '0b982fad-a60e-4bf0-b935-e4bdad52c7c2', 0.025, 1.0),
  ('aed68907-8885-44d3-9581-238c6d9e4f8c', 'e64c2df1-af6a-4c14-b41a-94404d799bbd', 'd82020d6-4fb2-4041-9976-215dbedef0c2', 0.02, 1.0),
  ('d3610467-482c-41a0-8146-e2048f205ff5', 'e64c2df1-af6a-4c14-b41a-94404d799bbd', '4b7c5d66-2802-450c-8c66-75362ba49b09', 0.003, 1.0),
  ('66402114-c1c5-4145-8967-f7c174bb4673', 'e64c2df1-af6a-4c14-b41a-94404d799bbd', '548b1472-96e3-4c8d-8eb6-e0898fe4e7eb', 0.062, 1.0),
  ('d3ffe8fd-dac4-4a17-a5e9-fdbf7bbd88ee', 'e64c2df1-af6a-4c14-b41a-94404d799bbd', '48c85551-c20c-423b-b8a0-aae07af4ca03', 0.062, 1.0),
  ('eeb366b1-091c-45cd-a24b-a4224423090b', 'e64c2df1-af6a-4c14-b41a-94404d799bbd', '3891218c-445a-4a6c-932d-cc559c5a488f', 0.062, 1.0),
  ('9d18896e-b233-4285-8c61-a60a37d79185', 'e64c2df1-af6a-4c14-b41a-94404d799bbd', '03a3cebc-12b6-43b0-a9f1-8e40c568bafd', 0.062, 1.0);

-- ============================================================
-- PRECIOS DE VENTA (referencias de la planilla)
-- markup = precio_venta / costo_total (aproximado)
-- ============================================================
INSERT INTO precios_venta (id, nombre, receta_id, markup) VALUES
  ('6f88a991-4060-407d-a5b1-86c11ff6612b', 'Pizza Muzzarela', '4081a27c-89e9-4c46-9a9f-fcf05a6981e3', 1.3),
  ('9bfea6e7-3685-4a6e-a6d1-a32d35faca9e', 'Pizza Primavera', '167d039a-4698-403c-bbf0-7e3f5992ee5e', 1.3),
  ('6dd127d8-a58c-41fc-a76d-1175f24fa40a', 'Pizza Muzzarela y Jamon', 'c58b2c22-3779-4e63-82e4-b434116485fd', 1.3),
  ('5558b41c-7dee-44e5-83a1-2be1e4a795fd', 'Pizza Fugazzeta', 'e8d09ce9-e885-4973-bfed-35cabfcacc66', 1.3),
  ('72e83db4-124f-421e-a9ea-df8f5e0c21d8', 'Pizza Extra Muzza', 'c9b269f8-4d47-4252-a7ca-a541f18d42e0', 1.3),
  ('e3708fd5-b190-4972-a019-967483fca14e', 'Pizza Calabresa', 'e87f1686-0867-41ce-941d-cbba8f6f3c51', 1.3),
  ('1c8798b9-e5f4-4409-87f5-36c07b0e901a', 'Pizza 4 Quesos', '1bb81414-1018-4933-bff8-29f13fd0f5a4', 1.3),
  ('f45a4e2a-8401-49ed-9c0b-d00c613c560c', 'Pizza Especial', 'd3a6cfd6-6652-4672-80bc-5be2892f48a2', 1.3),
  ('ab48ab29-b912-4c52-a8d8-4a1def762850', 'Pizza Napolitana', 'ed95cd89-e36c-4659-89ea-9a8ffcafa38d', 1.3),
  ('7e4945c5-8e3d-4ecb-92e5-49c4ec5db3f5', 'Pizza 4 Fratelli', '7505682e-0c9b-43d0-90ab-dac06fc8ef3c', 1.3),
  ('0c5dc6d3-17ef-4b3c-9ccb-a3ac9586db83', 'Pizza Anchoas', '561a0172-fe64-4fec-9441-b72687b6eb63', 1.3),
  ('c2aabe44-2e22-4c76-b91c-05ffb8e869f6', 'Pizza Palmito', '3d18a188-dcf0-4938-b5a1-f275e07e903c', 1.3),
  ('33382f62-3cb7-47d1-b063-4cc2a683dbeb', 'Pizza Blue Bacon', '4b0f4d60-f1d5-412a-85cc-65de3c24300c', 1.3),
  ('378b74e5-28d3-43ad-975c-6cd730ce5758', 'Pizza Brasuka', 'f87d7be5-2380-4ec3-ac8e-1aa9a192c03f', 1.3),
  ('02df952a-6fe3-4fb9-ac06-8b2302938dd0', 'Pizza Roquefort', '80abe0ea-502c-472f-b9e2-ed1c492e1c94', 1.3),
  ('cde8d968-c7e8-42e4-ad88-a3e03b87704c', 'Pizza Rucula y Jamon Crudo', '510773d9-042d-4c3d-9e6f-c0c549b3513e', 1.3),
  ('e95d1cba-3041-4be3-b53b-a47c5d10bc8a', 'Pizza Rellena Provolone', '7149f223-52ae-4247-8832-2697bb4e2b7f', 1.3),
  ('cdbeea23-0189-4387-96a7-025d104c7fd2', 'Pizza Tropical', '827b5506-c457-4f23-9311-98fde860ca70', 1.3),
  ('9f528810-6015-4387-b520-e494bf2bc29c', 'Pizza Fuganceta', '4f14c90a-6359-48fa-8593-a1b87adc35f6', 1.3),
  ('19efee82-6343-4162-8f34-77142d194536', 'Pizza Palmito Especial', '27764d9a-00ef-4e1f-ae93-1633517fb20e', 1.3),
  ('62af27f9-4a85-488a-ac8a-50eabf8a8b90', 'Pizza Carbonara', 'c8cd744c-ce1a-40f4-a63a-e08a53e8f80c', 1.3),
  ('5351f669-ad81-4ce8-ab6c-fe1ad56ac08d', 'Pizza 5 Quesos', '48e76b14-3b51-4dd7-a50b-6615e4ca336a', 1.3),
  ('d05429bd-6860-486f-a412-a15699eee1bf', 'Pizza Napo y Jamon', '646808db-220c-420e-adf4-b92c68e6c6b0', 1.3),
  ('7b76f61f-c5a2-4ab5-b05d-fd271d215df4', 'Pizza Di Mare', '0af5c732-f7ce-456e-9a66-f1356c32fdcf', 1.3),
  ('54469d58-650b-4f4b-ba03-b50432f8e89c', 'Pizza Aglio e Olio', 'c88ceaa5-0b73-4cdc-adf7-fd9e088f5354', 1.3),
  ('6a4f2eed-9381-48ab-93ba-130eb6afd858', 'Pizza Margarita', '931e496d-a71c-4ee8-b7cf-3820b5bac1a3', 1.3),
  ('bfd480b9-8471-4363-a71e-14477585405a', 'Pizza Fugazzeta Rellena', '47b1877b-495e-4bf0-9fdf-7536cd2003a5', 1.3),
  ('613fb8b0-64a1-44f8-9a15-6c474416b9ad', 'Calzone Napolitano', 'ca15231b-e6bc-48d6-8a82-1ff1a2004a86', 1.3),
  ('bf517142-c402-4abe-9ad6-a4a51c02934f', 'Calzone 4 Quesos', 'd645bb4a-ca5a-4732-8700-59ed30010d44', 1.3),
  ('7de13641-3dd6-4fde-a562-e5c66eab2129', 'Calzone Super', '717aca6a-4155-4f9c-9051-60c3b7243ab7', 1.3),
  ('53cff9c5-4a49-41c4-b372-1caabc1b7ec3', 'Pizzeta Provolone Rellena', '14519fa2-d64d-42f9-9737-f5d5ddfdd1f1', 1.3),
  ('b60c138e-f92e-496a-9fc1-be3242d7fa0c', 'Calzone Mini Promo', 'cdec6958-4591-49ac-98c3-a089fe302d1e', 1.3),
  ('ab623eb4-cc58-4f51-aad1-e47b0841227c', 'Hamburguesa Simple', '72b49c44-408e-4331-a54c-e403a1f6152e', 1.3),
  ('15e5791b-3d8f-431b-89eb-ddec58857f86', 'Hamburguesa Completa', '50668c96-345d-46cf-b0cd-79e0c857224d', 1.3),
  ('6afd05d9-cd9a-48cf-aeac-70a80d718cc2', 'Hamburguesa Wow', '9c887921-83f4-4a87-8204-a56719e7850e', 1.3),
  ('ce52e6de-1424-4f0b-b35b-2638ac866ff2', 'Hamburguesa Doble Queso', '5b1655ae-b0e1-4bcc-817b-a991f8969fa9', 1.3),
  ('78e0e869-9557-45a7-9c43-5ac0e1b0a8eb', 'Hamburguesa Chili', '85f6a46f-fafe-4d6c-b4eb-254384d39774', 1.3),
  ('39cab14a-9f67-49d1-94f8-eeb3ea9557ef', 'Hamburguesa BBQ', '07618e4e-33a0-4774-a1ca-3943d2481db2', 1.3),
  ('316d7229-0bed-4aeb-8ce3-94e0aec36914', 'Hamburguesa Argenta', 'b59a2b24-4389-47fe-9a7f-b0d18cc12870', 1.3),
  ('1aa3d250-edf0-4b08-9e37-7ba116865a18', 'Hamburguesa Coleslaw', 'e77da177-e975-43bd-b342-29100e12cd9d', 1.3),
  ('1316dd38-0ca9-4774-bb39-b85752f2908b', 'Esfiha de Carne', 'fd627577-51a8-4923-827d-70ee7f94fe2d', 1.3),
  ('2ba222ac-7238-44e9-8b96-7b906edd69a1', 'Lomo Super', 'd9201db0-c55b-428a-90b1-3001a58d6610', 1.3),
  ('4b1fa4d3-3193-4cde-806e-c527857ee79c', 'Lomo Completo', 'e88d775c-a0f2-4529-87ba-807393f3efb7', 1.3),
  ('1433c67f-9957-46ce-a761-c794013f9c91', 'Lomo Doble', '12b5b468-7f21-431f-bae2-b603083cff84', 1.3),
  ('2b2d357c-e000-41ec-bf47-4bc62723f0c1', 'Empanadas de Pollo', 'a483ceb8-3377-4298-be7c-baa7e841c845', 1.5),
  ('d2466485-8c15-4608-b450-17b1b8dacf8a', 'Empanadas Carne Relleno', 'e29b3e7f-9a2e-4839-9685-30cf336cc227', 1.5),
  ('205ace83-1a8a-4367-aaff-923d24b53e3a', 'Empanadas Arabe', '25b0b173-1724-48ee-ad42-ac83384ade44', 1.5),
  ('7fa5827b-7e3f-4c10-b0b3-ce668e88d954', 'Empanadas Espinaca y Muzza', '9f68d5b8-56c4-4ebc-adc7-c06884348b15', 1.5),
  ('290b3527-05e9-4afe-83e1-71f65601e3a9', 'Empanadas Caprese', '2ea1d7cd-8b62-45fe-94fd-a1458a186bd0', 1.5),
  ('2a7adce0-0a1f-4b3d-9b72-83c292e454e3', 'Empanadas Jamon y Muzza', '39e221ab-3cb9-4449-aee6-f4ba301c70f9', 1.5),
  ('a8ee6cf2-f511-4e80-a43f-d4cba8231953', 'Empanadas Carne Dulce', '7fba3395-be86-4572-b95d-92b14c124cbd', 1.5),
  ('2a896a89-1ae1-4553-b2ec-f967da46eb84', 'Empanadas de Palmito', 'b2c5d7f7-c3ed-4bae-a276-79bc55ed09d1', 1.5),
  ('0ebf2bd0-4e04-4a44-b4f5-f425498e2f63', 'Empanadas de Roquefort', '326be92c-9497-4c59-9f40-1db19a26eba0', 1.5),
  ('0d425999-f78a-4fa6-b948-e62229fbd6be', 'Pizza Napoletana Margarita Clasica', 'b97ebbb4-bd0c-4bc7-82aa-7e9636e2caf9', 1.3),
  ('06ae9bff-449d-48be-bd59-9f21a323fef2', 'Pizza Napoletana Margarita Especial', '700345d7-9e61-4dc1-942f-2560e408f19d', 1.3),
  ('e4d1ddf5-c0e1-4d01-a5ad-1b7b6d794b89', 'Pizza Napoletana Marinara', '60885b0e-e833-4fd3-8c2c-28b458915e22', 1.3),
  ('cb663d34-3cc5-43fe-b373-dec323443ffb', 'Pizza Napoletana Carbonara', '2c33cf20-9cf1-431b-ae1b-7949f678d3c3', 1.3),
  ('243b12ed-8f88-4bb6-b366-39a099d60e43', 'Pizza Napoletana Aglio e Olio', '29b4fe78-9877-411e-ab9c-5cac391006b6', 1.3),
  ('2c7f8376-e3af-4831-8749-dce4c994361b', 'Pizza Napoletana Azzurra', '47a64a74-2293-46c2-b33a-c70c50ca026c', 1.3);

COMMIT;

-- Total ingredientes: 77
-- Total recetas: 79
-- Total receta_ingredientes: 437
-- Total precios_venta: 59